Student_ID,CGPA,DSA_Score,System_Design_Score,DBMS_Score,OOP_Proficiency,Cloud_DevOps_Score,Web_Dev_Score,Problem_Solving_Rating,Aptitude_Score,Communication_Rating,Teamwork_Score,Github_Projects_Count,Internship_Duration_Months,Certifications_Count,Hackathons_Participated,Mock_Interview_Score,Domain_Specialization,Curriculum_Updated_Year,Skill_Gap_Index
CSE_0001,6.87,46,7,53,26,33,69,1368,54,1.8,80,12,3,3,3,86,DevOps,2023,10.89
CSE_0002,9.75,11,21,75,39,19,24,2305,67,2.9,24,15,11,1,0,29,FullStack,2021,0
CSE_0003,8.66,61,43,45,62,49,94,1937,78,2.4,58,12,1,4,8,29,AI_ML,2024,0
CSE_0004,7.99,79,57,46,60,87,21,1696,87,2.4,71,14,9,4,2,37,Cybersecurity,2023,0
CSE_0005,5.78,87,35,14,35,9,65,1619,88,3.1,68,13,7,4,3,57,Cybersecurity,2022,0
CSE_0006,5.78,82,68,18,97,31,44,1652,0,3.3,4,7,2,2,4,93,AI_ML,2018,9.84
CSE_0007,5.29,7,76,25,92,51,68,2300,6,4.2,98,10,6,4,6,40,DevOps,2018,16.22
CSE_0008,9.33,94,92,51,23,14,90,1509,56,2.4,18,1,6,1,5,93,FullStack,2021,4.43
CSE_0009,8.01,20,30,92,23,100,88,1120,94,4.2,22,7,11,2,4,56,FullStack,2021,0
CSE_0010,8.54,80,46,21,3,83,71,978,11,2.4,8,3,8,4,7,35,Cybersecurity,2021,7.57
CSE_0011,5.1,86,54,20,66,2,0,1696,4,1.2,93,9,5,2,0,63,DevOps,2018,15.87
CSE_0012,9.85,100,79,50,33,36,83,1018,49,3.2,49,9,0,1,6,97,DevOps,2022,0
CSE_0013,9.16,79,61,37,56,39,43,1588,41,3.4,15,14,7,4,5,15,DevOps,2021,0
CSE_0014,6.06,69,29,19,48,71,86,2351,11,4.7,32,0,0,0,4,87,FullStack,2018,30.75
CSE_0015,5.91,71,54,28,86,39,95,1291,17,3.9,1,12,2,5,6,77,DevOps,2021,0
CSE_0016,5.92,24,15,50,52,55,74,860,65,4.7,13,4,10,1,2,89,AI_ML,2021,12.82
CSE_0017,6.52,81,11,3,22,22,38,1877,73,4.6,0,12,4,3,0,71,DataEngineering,2023,0
CSE_0018,7.62,88,16,54,68,10,53,1337,78,3.4,89,0,7,3,8,13,DevOps,2021,30.45
CSE_0019,7.16,11,15,70,94,63,87,1647,93,3.1,57,6,8,1,1,30,DataEngineering,2018,28.26
CSE_0020,6.46,14,11,91,52,7,74,1787,16,3.2,88,7,6,3,2,65,FullStack,2022,26.2
CSE_0021,8.06,58,7,27,61,92,28,864,67,4.9,15,2,8,1,7,67,DevOps,2018,10.29
CSE_0022,5.7,25,83,3,40,93,53,1385,70,4.1,78,2,10,0,8,64,Cybersecurity,2018,11.51
CSE_0023,6.46,25,2,21,56,55,89,970,61,1.4,89,6,2,1,2,54,FullStack,2021,40.14
CSE_0024,6.83,46,15,75,59,59,15,2096,40,4.1,46,3,12,4,5,83,AI_ML,2023,0
CSE_0025,7.28,31,29,44,53,9,98,1334,94,1.7,43,2,4,4,6,77,AI_ML,2020,38.66
CSE_0026,8.93,9,22,66,69,38,19,2214,33,2.8,79,14,9,2,0,39,DataEngineering,2024,0
CSE_0027,6,15,91,85,100,27,45,1492,69,1.8,13,7,7,3,6,24,DataEngineering,2020,23.6
CSE_0028,7.57,70,4,65,56,48,66,2150,44,3.8,92,2,11,5,3,24,Cybersecurity,2020,16.88
CSE_0029,7.96,16,83,87,9,35,64,907,57,4.5,23,12,0,3,4,2,Cybersecurity,2018,17.94
CSE_0030,5.23,22,64,33,39,12,57,1985,50,2.2,54,13,7,1,7,68,AI_ML,2021,10.15
CSE_0031,8.04,25,29,90,6,95,52,1613,33,1.3,14,6,6,5,3,25,DevOps,2024,18.33
CSE_0032,5.85,84,20,54,37,35,0,1804,43,2.2,82,1,0,5,3,39,AI_ML,2020,45.99
CSE_0033,5.33,85,83,0,84,100,80,1251,14,3.7,71,10,12,3,7,37,AI_ML,2019,0
CSE_0034,9.74,6,69,71,60,25,65,2029,77,2.3,33,10,12,5,4,37,Cybersecurity,2019,0
CSE_0035,9.83,13,21,86,83,85,28,1389,69,2.1,1,0,9,5,5,67,DataEngineering,2019,28.94
CSE_0036,9.04,78,81,37,2,3,83,1839,49,1.7,26,11,11,4,4,6,Cybersecurity,2022,0
CSE_0037,6.52,6,71,5,50,94,69,1126,100,3,73,5,9,0,0,93,Cybersecurity,2021,11.32
CSE_0038,5.49,8,31,85,85,81,7,1407,31,2.1,98,7,11,1,6,29,Cybersecurity,2018,23.99
CSE_0039,8.42,47,32,24,46,63,28,1458,66,3.9,86,0,5,3,5,18,AI_ML,2018,35.52
CSE_0040,7.2,71,15,81,67,37,50,801,2,1.3,71,12,0,4,1,34,DevOps,2021,15.03
CSE_0041,5.61,58,75,16,91,87,32,1833,85,3.7,91,9,1,2,6,32,AI_ML,2023,4.12
CSE_0042,7.48,86,37,60,75,86,2,1233,85,2,22,11,4,5,5,32,FullStack,2024,0
CSE_0043,5.17,92,97,11,37,21,59,924,73,3,67,8,1,5,4,77,Cybersecurity,2023,6.86
CSE_0044,9.55,81,13,5,35,1,34,1904,50,2.1,13,14,9,3,7,37,Cybersecurity,2022,0
CSE_0045,6.29,94,35,89,40,30,68,1284,66,3.9,62,2,0,0,4,9,FullStack,2021,28.96
CSE_0046,8.31,93,96,26,68,10,90,1451,75,4.8,92,2,5,0,1,56,Cybersecurity,2023,0.69
CSE_0047,6.56,38,22,7,12,91,75,1973,92,4.7,64,3,7,3,5,27,Cybersecurity,2024,9.02
CSE_0048,7.6,98,65,82,86,45,83,1599,47,3.3,67,10,7,3,0,77,Cybersecurity,2022,0
CSE_0049,7.73,17,84,64,57,95,19,1672,16,2.9,62,14,12,4,4,99,FullStack,2020,0
CSE_0050,5.92,58,1,56,49,61,72,2163,6,4.3,95,0,12,3,5,37,AI_ML,2020,22.79
CSE_0051,9.85,16,90,92,29,68,38,928,12,3.7,96,8,7,2,6,15,Cybersecurity,2022,1.13
CSE_0052,8.88,13,72,98,61,63,3,1237,65,1.7,89,10,10,4,1,20,DevOps,2021,8.88
CSE_0053,9.7,30,64,39,100,9,18,1550,3,4.3,80,2,5,5,0,91,FullStack,2020,16.36
CSE_0054,9.47,23,74,13,24,39,90,1300,9,2.7,86,12,10,5,5,96,DataEngineering,2021,0
CSE_0055,7.99,98,66,34,26,23,44,1881,87,1.8,63,9,2,5,2,5,FullStack,2023,6.62
CSE_0056,9.61,59,51,47,50,98,42,2021,16,2.1,31,15,0,5,4,40,AI_ML,2020,0
CSE_0057,5.44,44,61,83,77,43,12,1010,51,2.1,78,3,1,1,1,14,FullStack,2024,32.92
CSE_0058,5.98,97,22,55,56,59,12,1701,5,3.1,12,0,4,2,0,2,DataEngineering,2024,35.8
CSE_0059,5.23,2,25,48,46,61,59,844,82,1.9,65,3,12,4,0,42,DevOps,2023,29
CSE_0060,6.63,36,67,12,99,86,56,1920,68,1.5,18,12,9,4,3,46,DataEngineering,2024,0
CSE_0061,6.94,42,81,60,38,16,85,2102,95,1.5,23,0,4,5,1,98,FullStack,2021,31.94
CSE_0062,6.36,39,54,48,15,64,91,1334,73,3.3,87,4,9,0,0,13,DataEngineering,2021,20.09
CSE_0063,9.14,89,5,45,21,94,51,2233,8,3.9,10,4,0,4,5,65,FullStack,2024,8.59
CSE_0064,6.78,54,34,61,84,94,52,1260,90,2.3,58,13,0,2,3,28,DevOps,2019,13.61
CSE_0065,6.4,86,21,7,53,56,85,1190,76,1.1,85,10,8,3,6,3,DevOps,2022,6.25
CSE_0066,7.71,38,42,42,20,54,42,1867,82,1.5,14,6,1,2,5,25,AI_ML,2018,34.19
CSE_0067,5.7,14,14,19,71,52,82,826,20,4.7,9,13,6,5,4,11,DevOps,2022,8.12
CSE_0068,9.01,3,85,96,15,55,71,1593,23,3,40,7,9,5,1,1,Cybersecurity,2024,6.33
CSE_0069,5.37,92,59,89,58,97,71,1920,3,2.8,26,3,3,1,4,16,DataEngineering,2021,17.48
CSE_0070,9.93,85,100,38,30,8,41,1774,23,1.2,59,6,6,4,8,34,DataEngineering,2021,3.24
CSE_0071,8.86,24,11,84,41,21,89,1347,58,3.9,72,3,7,4,8,9,FullStack,2022,29.38
CSE_0072,5.99,12,48,48,73,12,25,1420,98,3.1,51,2,4,4,1,85,DevOps,2021,31.29
CSE_0073,5.03,81,41,63,31,88,22,1366,2,1.8,27,14,12,5,6,42,AI_ML,2023,0
CSE_0074,9.08,32,37,61,58,47,42,1503,67,1.4,64,5,11,4,3,20,AI_ML,2020,15.9
CSE_0075,8.53,15,81,53,33,17,76,2042,100,2.5,16,3,11,0,2,14,AI_ML,2021,20.76
CSE_0076,8.65,41,44,8,8,75,27,984,39,4.3,94,13,0,0,0,34,Cybersecurity,2024,0
CSE_0077,8.86,65,34,87,80,39,8,1892,47,4.5,43,2,3,3,2,84,DevOps,2024,6.24
CSE_0078,5.37,54,29,36,10,16,19,1953,53,3.4,9,14,9,4,8,84,AI_ML,2022,0
CSE_0079,6.79,98,87,48,95,14,55,2390,34,3.9,62,14,2,1,8,84,Cybersecurity,2022,0
CSE_0080,5.58,41,29,40,9,14,82,1647,94,1.5,100,8,9,3,6,59,DataEngineering,2022,20.4
CSE_0081,9.32,33,77,16,85,78,38,1398,55,3.4,92,4,11,5,2,43,FullStack,2024,0
CSE_0082,8.12,29,5,87,16,62,50,1605,88,3.7,81,12,4,4,2,95,DevOps,2019,3.43
CSE_0083,6.65,12,66,20,67,38,11,2157,39,1.8,46,13,9,0,3,4,DevOps,2024,0
CSE_0084,5.32,12,79,50,47,12,78,1977,76,4.5,37,6,12,1,6,72,DataEngineering,2023,1.14
CSE_0085,6.55,17,6,58,51,80,94,2370,67,1.8,69,11,9,3,6,17,DevOps,2024,11.03
CSE_0086,6.63,31,51,38,24,31,54,878,45,2.3,75,13,12,1,1,20,DevOps,2023,0
CSE_0087,8.65,95,13,54,20,8,77,1378,77,3.5,52,5,5,4,4,71,DevOps,2024,8.42
CSE_0088,8.19,98,72,40,100,39,10,1212,12,3.6,77,9,1,2,6,97,DevOps,2024,0
CSE_0089,9.44,38,14,38,64,19,25,1345,26,3.8,43,15,6,1,6,73,Cybersecurity,2019,0
CSE_0090,7.36,45,20,12,62,89,41,968,5,1.4,73,14,12,1,5,50,Cybersecurity,2023,0
CSE_0091,5.6,28,34,63,88,90,26,1480,16,4.4,53,4,2,5,7,40,FullStack,2019,26.02
CSE_0092,8.57,61,65,10,50,84,10,1382,35,3.1,19,6,0,0,2,23,DevOps,2023,10.68
CSE_0093,8.8,92,90,18,35,81,37,1314,98,2.9,78,10,9,4,0,23,DataEngineering,2019,0
CSE_0094,7.81,61,1,10,80,76,97,2137,80,4.9,30,5,2,1,2,95,AI_ML,2019,17.34
CSE_0095,8.85,56,34,76,87,79,42,831,1,4,6,9,8,4,1,96,FullStack,2023,0
CSE_0096,7.47,15,81,45,65,72,18,1086,76,1.5,57,1,9,0,1,37,AI_ML,2019,27.35
CSE_0097,7.61,55,77,44,14,62,63,1393,51,4,9,12,10,5,1,43,AI_ML,2024,0
CSE_0098,7.14,9,19,0,95,75,5,1866,65,1.4,9,12,10,4,4,56,DevOps,2023,4.6
CSE_0099,5.13,29,81,39,38,43,45,1416,51,1.1,38,12,5,0,0,58,DataEngineering,2019,6.18
CSE_0100,5.54,24,9,18,69,37,41,1824,91,2.6,27,2,10,0,3,33,AI_ML,2024,32.84
CSE_0101,5.16,83,24,75,0,82,91,2396,42,5,29,1,5,3,4,74,AI_ML,2024,6.71
CSE_0102,8.18,4,65,71,22,59,64,1069,89,1.7,36,11,3,5,1,94,FullStack,2022,6.48
CSE_0103,6.57,64,24,71,38,70,98,2003,21,3.7,66,2,7,5,4,81,DataEngineering,2018,21.76
CSE_0104,7.54,93,53,60,56,98,71,1317,54,1.7,42,0,4,4,3,22,DataEngineering,2023,22.32
CSE_0105,9.54,48,32,11,80,47,58,1926,66,3.9,78,7,6,2,7,85,AI_ML,2019,0
CSE_0106,6.25,2,35,60,33,17,51,1833,98,3,84,15,8,3,0,42,DataEngineering,2022,0
CSE_0107,7.05,44,94,32,40,15,46,1382,59,3.7,51,5,12,5,4,81,FullStack,2018,0
CSE_0108,8.78,13,13,44,92,54,6,1913,57,1.8,100,15,12,0,0,39,FullStack,2019,0
CSE_0109,6.14,29,64,89,72,38,10,1025,11,4,55,12,4,5,3,46,FullStack,2018,7.8
CSE_0110,5.38,67,79,91,12,67,60,1469,87,5,75,1,10,2,7,40,DevOps,2023,0.09
CSE_0111,6.45,17,53,68,69,58,67,1716,68,3.7,67,7,4,1,0,46,AI_ML,2024,17.47
CSE_0112,5.81,61,51,7,5,88,24,925,83,3,8,5,3,1,1,19,DataEngineering,2024,17.45
CSE_0113,9.65,36,2,24,83,95,11,1755,38,4.7,91,15,5,5,0,76,FullStack,2018,0
CSE_0114,9.04,24,98,90,51,61,25,2032,12,1.1,22,6,1,5,6,64,AI_ML,2024,18.77
CSE_0115,8.17,47,40,45,2,12,11,1920,40,3.9,62,10,2,3,1,67,AI_ML,2020,15.13
CSE_0116,9.36,64,5,86,80,80,42,873,56,4.6,60,0,0,5,0,23,DevOps,2021,33.84
CSE_0117,9.02,52,24,29,62,100,50,2014,52,1.2,39,6,1,2,5,99,DataEngineering,2024,13.01
CSE_0118,5.93,78,12,46,48,5,36,855,11,2.8,43,2,1,5,5,35,DataEngineering,2020,41.45
CSE_0119,9.46,72,97,86,75,82,45,1519,12,1.8,85,10,7,4,1,44,FullStack,2023,0
CSE_0120,7.7,14,7,48,46,76,52,1352,73,3.3,23,11,7,2,0,1,FullStack,2023,12.31
CSE_0121,9.04,48,20,46,54,59,87,831,96,3.6,50,7,1,3,2,27,AI_ML,2018,28.87
CSE_0122,9.48,87,97,83,63,89,79,2350,56,2.2,57,5,12,4,4,25,DataEngineering,2024,0
CSE_0123,6.59,67,67,81,64,13,12,1373,39,2.8,89,3,5,4,5,22,DataEngineering,2024,26.52
CSE_0124,5.55,11,24,17,80,94,88,1466,79,2.1,93,10,4,1,2,78,FullStack,2024,11.9
CSE_0125,6.14,58,78,65,66,53,53,1083,44,2.5,32,7,2,2,8,35,Cybersecurity,2022,13
CSE_0126,7.14,36,67,67,89,3,56,2317,34,1.6,15,8,4,4,4,90,AI_ML,2019,15.49
CSE_0127,9.09,60,44,93,14,38,3,986,2,4.5,21,9,4,3,1,5,DataEngineering,2021,9.37
CSE_0128,9.3,100,59,32,99,71,74,1297,4,1,56,1,4,1,5,34,DevOps,2024,19.87
CSE_0129,5.03,42,11,35,31,24,95,2265,89,4.5,61,15,2,4,7,37,DevOps,2019,6.01
CSE_0130,7.55,69,31,81,95,76,48,929,10,3.3,81,14,2,2,5,34,Cybersecurity,2022,0
CSE_0131,7.09,38,95,100,67,31,6,1438,70,2.3,70,5,3,1,3,99,FullStack,2023,10.3
CSE_0132,6.11,55,91,18,17,58,10,2115,55,3.9,89,4,6,2,5,73,FullStack,2021,2.03
CSE_0133,5.6,62,12,27,82,62,91,913,9,3,71,4,11,2,7,93,FullStack,2020,3.22
CSE_0134,6.69,45,30,39,42,37,53,2022,33,3,69,9,11,2,7,52,DevOps,2023,0
CSE_0135,9.71,87,77,83,34,91,86,812,66,1.4,29,10,11,1,1,37,FullStack,2023,0
CSE_0136,6.62,10,19,96,77,52,44,2094,71,2.6,22,2,1,4,7,92,DevOps,2018,41.35
CSE_0137,7.59,61,17,75,57,93,22,2038,30,2,31,11,9,5,5,58,Cybersecurity,2022,0
CSE_0138,8.52,76,92,14,32,66,27,1243,74,1.1,85,7,3,0,1,42,AI_ML,2018,14.01
CSE_0139,6.82,97,59,40,13,27,56,2335,70,2.4,56,13,3,4,0,3,DataEngineering,2018,5.47
CSE_0140,9.86,24,62,38,33,2,25,1246,65,1.4,8,7,0,1,5,4,Cybersecurity,2019,34.57
CSE_0141,9.81,70,5,1,60,97,24,1785,69,2,30,15,9,0,6,67,DevOps,2023,0
CSE_0142,6.26,51,31,62,3,79,53,1792,40,1.4,70,11,7,0,4,99,Cybersecurity,2022,0
CSE_0143,7.49,3,92,28,87,21,28,1514,62,1.4,8,4,0,0,7,44,DataEngineering,2018,44.11
CSE_0144,6.5,58,42,73,58,95,82,873,31,1.8,12,7,7,5,8,79,AI_ML,2020,2.6
CSE_0145,6.42,71,1,65,28,37,96,1336,19,5,57,9,6,3,3,24,DataEngineering,2021,6.14
CSE_0146,5.18,19,59,50,82,71,35,900,56,1,2,14,8,1,6,77,DevOps,2024,0
CSE_0147,8.05,92,22,74,5,71,13,975,97,3.6,34,7,7,5,7,10,DataEngineering,2022,0
CSE_0148,7.51,62,82,76,96,61,77,1226,49,1.6,96,2,4,5,5,28,Cybersecurity,2019,33.14
CSE_0149,5.26,53,30,9,48,56,34,1940,79,4.7,20,15,7,3,1,33,FullStack,2022,0
CSE_0150,6.39,73,4,13,39,5,29,1989,24,1.4,63,1,10,0,6,85,Cybersecurity,2023,21.9
CSE_0151,9.54,97,82,81,82,77,91,840,11,4.8,94,8,9,3,8,13,DevOps,2019,0
CSE_0152,6.2,56,33,50,64,31,16,1228,70,3.4,51,1,11,3,4,23,AI_ML,2021,22.68
CSE_0153,5.72,89,9,72,68,98,66,1143,38,1,33,8,11,5,1,58,DataEngineering,2020,5.2
CSE_0154,7.45,40,88,38,26,9,79,2247,16,4.6,95,3,2,1,3,38,AI_ML,2018,32.06
CSE_0155,9.93,2,1,27,79,2,29,1165,44,3.1,34,11,9,2,2,25,DevOps,2022,7.36
CSE_0156,6.21,5,10,2,5,58,92,1943,10,2.1,14,12,6,3,3,42,DataEngineering,2019,23.79
CSE_0157,8.36,4,49,83,12,75,44,1408,69,4.1,95,1,11,3,6,35,Cybersecurity,2021,20.96
CSE_0158,8.81,4,30,69,63,48,78,1456,22,4.7,5,9,3,0,7,38,Cybersecurity,2018,18.15
CSE_0159,6.19,53,55,26,61,58,88,1527,90,2.9,84,0,4,0,0,60,DevOps,2024,24.48
CSE_0160,8.64,46,78,1,98,30,50,1028,69,2.3,96,3,8,5,7,15,DataEngineering,2021,13.63
CSE_0161,6.84,86,72,92,18,92,46,1624,37,4.2,31,8,6,0,4,58,Cybersecurity,2020,0
CSE_0162,8.16,48,86,37,75,68,52,1953,1,3.7,51,11,3,4,6,95,DevOps,2018,0
CSE_0163,8.17,8,82,2,79,61,63,2175,85,4.6,82,8,5,3,0,5,DevOps,2018,17.42
CSE_0164,7.68,98,8,15,42,51,37,1688,83,3.8,96,3,9,0,1,97,AI_ML,2024,0
CSE_0165,5.45,19,98,93,73,88,63,2141,88,2,27,8,10,1,0,55,Cybersecurity,2018,9.72
CSE_0166,9.18,60,20,39,88,40,86,1783,78,4.7,94,14,6,4,4,7,DataEngineering,2019,0
CSE_0167,6.6,34,72,1,19,30,88,1635,92,1.4,84,11,12,5,5,93,Cybersecurity,2018,0
CSE_0168,5.93,49,27,80,94,84,6,2160,71,2.1,97,5,9,2,8,26,Cybersecurity,2021,16.15
CSE_0169,5.2,81,61,40,67,83,21,2096,36,3.1,63,0,12,3,7,70,Cybersecurity,2019,3.55
CSE_0170,7.95,61,6,11,43,21,80,916,48,3.3,78,9,8,3,6,26,DevOps,2018,8.01
CSE_0171,8.39,16,79,34,22,3,81,1617,51,1.1,77,12,3,1,4,88,FullStack,2021,13.04
CSE_0172,5.08,87,15,64,1,12,40,1167,32,4.1,18,13,9,2,2,45,FullStack,2021,0
CSE_0173,7.56,2,96,54,21,44,73,1917,21,2.4,14,5,2,2,8,40,AI_ML,2022,29.68
CSE_0174,6.13,31,3,44,56,41,9,967,4,2.6,5,8,7,5,4,78,Cybersecurity,2021,17.26
CSE_0175,8.23,98,3,78,100,48,56,1753,17,4.2,72,12,0,5,2,24,FullStack,2024,0.92
CSE_0176,5.87,12,39,89,71,19,6,2164,37,2.5,100,1,8,4,2,85,AI_ML,2023,28.49
CSE_0177,8.45,88,16,100,6,76,49,1460,36,1.2,83,5,12,3,2,17,DevOps,2020,9.76
CSE_0178,6.93,72,100,84,77,80,90,1494,93,1.7,97,1,0,0,5,11,Cybersecurity,2018,35.22
CSE_0179,9.68,67,51,61,55,53,51,1724,94,4.8,37,3,1,5,0,86,DataEngineering,2024,2.66
CSE_0180,5.69,13,92,48,66,35,32,951,63,1.3,25,15,12,1,3,50,DevOps,2018,3.65
CSE_0181,6.71,100,51,94,15,96,0,1385,9,2.4,81,14,7,1,7,38,AI_ML,2018,0
CSE_0182,5.57,97,35,24,82,0,52,1712,78,3,91,15,8,1,2,88,DevOps,2021,0
CSE_0183,9.62,10,37,22,50,14,59,1073,41,3,50,7,6,5,4,9,DataEngineering,2021,23.23
CSE_0184,9.39,55,49,23,81,76,33,2377,47,1,72,12,2,5,1,93,DevOps,2018,0.15
CSE_0185,6.29,66,62,37,79,16,3,1295,43,3,95,6,6,1,1,73,AI_ML,2023,6.35
CSE_0186,8.3,91,100,27,71,23,16,900,81,2.5,52,10,5,5,6,97,DataEngineering,2019,0
CSE_0187,9.09,28,62,20,96,57,3,1356,86,4.9,55,11,1,0,2,76,DataEngineering,2019,0
CSE_0188,7.78,8,61,53,11,71,42,1905,96,1.6,58,12,2,0,4,53,DevOps,2020,13.02
CSE_0189,7.65,66,98,17,52,90,89,2352,15,2.4,69,8,10,4,2,28,DataEngineering,2022,0
CSE_0190,6.21,24,6,35,74,22,3,872,53,2.7,77,6,12,3,5,40,DevOps,2024,13
CSE_0191,5.47,97,26,98,4,45,0,1837,34,2.6,91,0,11,0,2,8,Cybersecurity,2020,25.73
CSE_0192,9.49,75,91,44,26,71,70,2256,97,3.7,57,1,12,4,7,62,DataEngineering,2018,0.52
CSE_0193,9.5,41,85,72,11,7,93,956,27,1.9,87,15,9,2,1,76,DevOps,2024,0
CSE_0194,8.17,8,13,52,16,58,49,1534,1,1.9,12,5,9,3,2,36,Cybersecurity,2018,32.98
CSE_0195,6.7,78,70,29,5,89,72,931,93,3.9,42,6,12,0,7,13,DataEngineering,2018,0
CSE_0196,6.75,39,100,59,96,58,60,2161,12,3,75,2,11,2,7,100,Cybersecurity,2022,0
CSE_0197,8.63,24,85,97,4,12,34,1818,40,2.7,50,8,4,4,0,72,DataEngineering,2021,10.58
CSE_0198,9.49,4,4,31,56,38,7,2227,79,1.7,18,12,9,0,7,71,AI_ML,2022,2.13
CSE_0199,9.44,10,54,66,27,100,23,2199,58,1.8,20,14,3,0,1,38,AI_ML,2020,0
CSE_0200,8.9,58,1,66,77,27,82,1358,68,1,90,6,1,5,6,39,DevOps,2021,36.29
CSE_0201,8.21,97,61,27,68,88,35,906,91,1.4,82,13,3,2,5,53,FullStack,2021,0
CSE_0202,5.42,87,90,43,58,60,49,1064,52,3.2,23,5,11,0,1,2,AI_ML,2020,1.22
CSE_0203,5.81,78,20,78,32,15,42,2028,44,4.6,25,12,7,1,4,54,FullStack,2021,0
CSE_0204,9.49,37,78,40,61,1,26,1902,19,2.1,44,5,4,5,6,32,Cybersecurity,2024,22.5
CSE_0205,8.03,71,20,62,49,81,31,954,23,2.3,27,0,4,5,7,95,Cybersecurity,2019,33.1
CSE_0206,5.05,4,9,22,18,16,77,1787,60,1.5,81,12,12,0,2,70,FullStack,2020,9.49
CSE_0207,5.51,47,86,74,85,29,17,1796,90,2.6,99,15,11,5,0,18,DevOps,2020,0
CSE_0208,8.32,89,57,47,68,12,27,1046,93,1.1,28,4,11,3,6,33,DataEngineering,2019,12.08
CSE_0209,5.03,17,38,31,65,95,28,1330,57,4.7,16,9,9,2,4,77,FullStack,2022,0
CSE_0210,5.8,69,4,56,93,92,15,1657,26,3.7,67,2,2,3,4,49,FullStack,2022,20.69
CSE_0211,7.74,36,64,99,46,93,98,1337,25,5,43,6,12,4,6,46,FullStack,2022,0
CSE_0212,8.46,59,12,32,38,81,46,1528,6,4.5,60,9,7,3,0,45,FullStack,2021,0
CSE_0213,8.26,47,84,23,67,12,58,1977,41,2.9,92,2,5,1,7,55,FullStack,2019,22.33
CSE_0214,6.12,76,89,38,32,42,30,953,46,3.1,67,4,1,5,4,56,DevOps,2024,14.49
CSE_0215,8.56,27,84,33,12,84,3,891,52,1.8,73,6,1,5,7,82,AI_ML,2020,19.65
CSE_0216,6.19,68,52,55,83,93,36,2256,58,2.8,24,13,8,1,4,50,DataEngineering,2020,0
CSE_0217,6.63,76,81,27,53,20,16,1137,37,4.6,94,2,12,5,6,53,AI_ML,2020,0
CSE_0218,8.73,80,100,36,6,54,38,2303,68,1.2,66,12,6,3,2,89,FullStack,2021,0
CSE_0219,8.25,39,44,6,78,80,47,1954,86,4.5,1,12,9,4,1,80,AI_ML,2021,0
CSE_0220,9.25,44,31,67,86,39,45,1249,91,2.4,88,9,8,0,5,27,DevOps,2023,8.19
CSE_0221,8.29,95,35,36,13,82,89,1609,97,4.6,48,1,5,1,4,18,Cybersecurity,2024,9.51
CSE_0222,7.84,61,80,55,86,14,47,1586,52,4.8,69,5,4,3,8,26,AI_ML,2022,11.06
CSE_0223,5.47,92,98,64,18,72,38,1072,14,3.7,25,7,11,3,3,47,DataEngineering,2023,0
CSE_0224,6.84,57,59,64,53,51,3,1387,95,3.7,71,3,0,3,2,18,DevOps,2023,34.35
CSE_0225,6.33,66,10,46,92,73,29,976,25,2.8,98,8,11,0,8,96,Cybersecurity,2021,0
CSE_0226,6.22,55,62,19,19,94,29,1630,47,4.3,26,11,5,2,7,50,DevOps,2022,0
CSE_0227,9.87,39,20,18,28,52,21,1442,94,4.8,88,11,5,5,5,6,FullStack,2022,8.07
CSE_0228,6.97,97,51,28,23,86,74,1872,18,4.1,17,14,2,5,0,28,Cybersecurity,2020,0
CSE_0229,9.46,39,54,73,81,51,65,1366,8,3.5,53,7,2,4,0,42,DataEngineering,2021,13.13
CSE_0230,8.16,90,25,59,62,29,11,1465,63,3.4,0,6,2,2,5,68,Cybersecurity,2022,8.94
CSE_0231,8.97,76,67,17,73,32,93,2178,92,4.4,60,13,2,5,2,93,DataEngineering,2023,0
CSE_0232,7.51,32,33,91,56,56,35,2131,53,3.2,2,6,6,4,2,57,FullStack,2019,12.59
CSE_0233,7.88,5,51,34,7,51,17,1667,50,4.2,67,2,9,4,5,7,DataEngineering,2019,26.64
CSE_0234,7.46,87,81,42,89,8,89,1869,38,3,40,13,10,3,2,41,DevOps,2021,0
CSE_0235,5.98,18,98,94,61,53,52,1101,3,1.2,36,5,1,1,5,75,AI_ML,2020,29.81
CSE_0236,8.61,79,92,90,28,0,70,1667,2,2.5,50,12,9,3,4,41,DevOps,2020,0
CSE_0237,6.4,39,51,10,73,43,0,1711,63,2.8,14,12,12,0,3,12,DevOps,2022,0
CSE_0238,5.12,91,28,48,16,98,57,1207,28,1.6,7,4,9,5,7,25,Cybersecurity,2024,12.74
CSE_0239,8.23,96,37,37,65,74,89,2012,10,1.4,37,0,1,4,1,17,FullStack,2021,38.35
CSE_0240,5.89,58,41,63,5,97,86,1621,96,3.1,82,10,2,1,6,41,AI_ML,2024,9.33
CSE_0241,9.7,58,20,68,57,79,89,1952,57,1.3,55,2,9,5,3,50,DataEngineering,2019,23.24
CSE_0242,9.77,47,41,7,68,8,5,1360,74,2.2,46,12,11,4,1,83,Cybersecurity,2023,0
CSE_0243,9.57,40,12,33,27,31,69,2360,26,4,89,11,6,4,6,15,FullStack,2022,3.7
CSE_0244,6.85,12,63,47,61,14,43,2089,96,4.9,9,0,2,3,0,100,AI_ML,2023,26.12
CSE_0245,5.08,44,16,55,40,11,71,1941,20,3.9,77,3,6,1,3,2,DevOps,2024,33.91
CSE_0246,9.64,88,8,75,68,96,23,1263,38,5,48,9,8,1,8,90,FullStack,2022,0
CSE_0247,7.14,52,40,64,81,77,85,943,94,3.8,40,2,10,5,3,78,FullStack,2018,10.28
CSE_0248,9.83,41,0,30,89,56,18,1241,45,2.2,82,10,9,4,2,97,FullStack,2023,0
CSE_0249,9.82,99,1,3,83,7,100,2023,65,3.7,29,3,11,1,1,44,DevOps,2021,4.34
CSE_0250,9.27,62,59,49,40,71,17,1980,90,3.8,4,8,10,1,2,21,DataEngineering,2023,0
CSE_0251,6.47,26,47,68,48,26,94,1286,35,2.5,94,2,3,5,0,22,Cybersecurity,2023,38.7
CSE_0252,6.93,37,28,29,90,61,100,1659,74,1.1,70,11,6,3,7,58,DataEngineering,2022,5.47
CSE_0253,9.26,59,96,87,48,11,29,1957,81,3.8,82,5,8,2,0,61,AI_ML,2019,1.76
CSE_0254,6.58,6,9,58,75,64,41,947,64,1.1,30,5,7,0,2,67,Cybersecurity,2024,29.07
CSE_0255,5.85,4,57,66,70,41,32,2159,62,3.5,51,6,7,2,2,53,AI_ML,2018,27.87
CSE_0256,7.78,44,59,74,2,61,73,1894,98,1.7,87,8,8,1,1,56,DevOps,2023,0
CSE_0257,9.68,57,20,44,9,10,100,2056,34,3.3,97,11,4,4,4,22,DataEngineering,2024,3.94
CSE_0258,8.48,30,27,3,97,42,11,2157,30,3,22,6,4,0,2,59,FullStack,2024,16.26
CSE_0259,7.85,22,74,25,88,94,93,1610,27,1.1,47,13,2,0,2,72,Cybersecurity,2019,1.67
CSE_0260,5.49,41,33,26,34,16,26,1465,0,2.5,39,0,4,4,7,87,FullStack,2020,39.96
CSE_0261,8.08,9,7,45,79,96,38,889,24,3.4,5,15,7,0,3,84,AI_ML,2018,0
CSE_0262,9.95,31,58,63,1,31,8,2157,42,4.4,37,14,11,4,3,54,FullStack,2018,0
CSE_0263,5.7,52,85,90,23,92,20,998,83,4.6,40,7,4,0,2,79,FullStack,2024,0
CSE_0264,7.59,29,71,50,73,84,75,1984,66,2.9,99,4,3,5,0,62,DevOps,2022,16.1
CSE_0265,9.39,38,48,49,37,84,28,1337,62,3.9,26,8,7,5,7,55,DevOps,2023,0
CSE_0266,8.7,30,78,5,21,39,32,1944,50,2.3,74,9,6,2,0,54,DataEngineering,2020,8.93
CSE_0267,8.49,81,16,58,25,22,61,1100,1,2.4,68,12,5,0,6,24,AI_ML,2022,1.57
CSE_0268,8.51,99,59,14,42,55,14,1523,81,1.8,56,14,4,3,4,25,DevOps,2021,0
CSE_0269,6.8,1,86,29,54,5,1,2398,63,3.2,16,11,4,4,3,48,DevOps,2019,15.29
CSE_0270,6.47,77,87,41,38,85,51,1762,73,2.3,70,4,12,0,3,62,DataEngineering,2019,0
CSE_0271,9.05,76,44,100,90,49,43,2259,68,1.3,90,4,9,5,7,44,Cybersecurity,2022,8.47
CSE_0272,9.05,92,82,36,28,36,53,867,8,3.7,46,14,1,5,5,72,DataEngineering,2024,0
CSE_0273,9.34,11,68,41,19,63,17,1258,1,3.8,78,11,12,4,0,78,FullStack,2019,0
CSE_0274,9.57,38,31,100,90,53,2,2337,33,2.4,12,11,3,3,7,38,FullStack,2023,5.87
CSE_0275,7.56,65,43,34,40,71,6,1197,59,1.3,10,13,7,0,1,96,DevOps,2019,0
CSE_0276,7.51,95,64,86,53,48,42,1419,60,2.7,89,1,7,0,5,64,DevOps,2023,9.13
CSE_0277,8.99,12,86,5,19,98,81,2109,30,2.8,85,11,10,3,8,68,DataEngineering,2021,0
CSE_0278,8.25,45,100,67,18,10,37,2384,9,3.7,91,10,0,3,0,55,DataEngineering,2020,4.69
CSE_0279,8.51,26,7,17,83,87,36,1963,75,2.3,23,2,1,3,5,8,AI_ML,2018,56.05
CSE_0280,8.98,16,76,72,98,48,57,1529,35,3.7,92,9,4,5,7,69,FullStack,2022,2.65
CSE_0281,9.45,94,71,28,65,20,32,1355,84,4.5,72,8,8,4,1,27,DataEngineering,2022,0
CSE_0282,6.69,97,86,76,29,65,58,1580,48,1.9,3,6,9,3,4,44,Cybersecurity,2023,0
CSE_0283,6.88,59,42,58,52,62,94,1693,69,4.9,45,0,10,4,5,25,AI_ML,2021,13.16
CSE_0284,5.47,63,0,46,33,82,10,1409,48,2.5,17,2,11,2,4,27,DataEngineering,2021,19.65
CSE_0285,7.89,87,50,16,21,27,67,1547,2,2.1,42,11,12,0,2,39,DevOps,2024,0
CSE_0286,5.18,34,23,95,66,16,81,1081,73,2.7,79,1,10,0,3,14,DataEngineering,2018,39.64
CSE_0287,7.33,69,98,21,5,5,67,1460,4,1.4,32,0,6,1,6,5,DevOps,2020,35.86
CSE_0288,7.71,82,23,67,78,18,97,1723,89,1.5,92,8,9,2,3,26,DevOps,2022,7.68
CSE_0289,6.43,29,16,68,26,55,92,1795,60,2.7,9,7,4,3,8,37,FullStack,2023,26.1
CSE_0290,7.95,70,4,36,9,27,87,1545,84,4,72,14,0,3,1,67,FullStack,2021,3.67
CSE_0291,5.15,73,19,48,72,65,21,2280,89,4.6,58,4,5,5,4,74,DataEngineering,2022,8.32
CSE_0292,5.19,95,20,12,96,37,65,886,25,3.7,30,10,11,2,7,84,DataEngineering,2023,0
CSE_0293,9.11,97,57,33,95,36,43,1902,71,1.4,27,11,7,3,4,63,Cybersecurity,2019,0
CSE_0294,6.8,62,30,85,47,67,5,2028,4,3.7,59,1,6,1,7,29,AI_ML,2022,28.25
CSE_0295,5.64,27,99,52,69,85,41,1590,14,3.5,2,0,1,4,7,81,AI_ML,2020,32.02
CSE_0296,7.61,59,10,86,58,89,24,2160,15,4.2,54,6,11,0,8,98,DataEngineering,2023,0
CSE_0297,8.85,78,51,50,99,48,56,2077,0,4.3,13,12,4,2,5,2,FullStack,2020,0
CSE_0298,6.08,93,14,2,58,42,84,1103,15,4.5,57,10,10,0,3,61,Cybersecurity,2022,0
CSE_0299,8.11,36,82,41,1,35,54,2203,36,2.7,88,10,3,4,2,11,AI_ML,2019,15.95
CSE_0300,5.43,92,6,97,28,57,15,929,2,3.8,14,14,8,2,4,90,DataEngineering,2020,0
CSE_0301,5.26,21,27,31,67,12,94,1395,51,2.1,1,15,9,4,5,29,FullStack,2021,3.85
CSE_0302,7.66,67,50,50,64,51,13,2099,46,5,23,1,0,3,2,84,FullStack,2023,17.27
CSE_0303,7.7,19,57,84,82,57,38,1357,94,1.7,77,0,11,3,1,37,FullStack,2022,31.42
CSE_0304,8.19,95,4,45,25,31,27,1698,12,1,63,1,5,3,6,84,DevOps,2019,30.48
CSE_0305,8.63,99,4,20,88,80,95,2006,79,1.6,70,6,2,4,4,59,FullStack,2021,14.71
CSE_0306,9.88,67,93,43,9,99,91,2091,54,4.1,99,6,10,4,8,37,DataEngineering,2022,0
CSE_0307,7.58,90,95,10,52,59,50,2145,20,2.8,23,9,8,4,2,14,Cybersecurity,2024,0
CSE_0308,6.61,63,7,67,78,82,48,2335,65,2.8,26,5,4,0,7,17,DataEngineering,2019,27.16
CSE_0309,8.98,16,63,0,58,57,8,877,53,4.8,36,4,12,4,5,51,FullStack,2021,1.75
CSE_0310,6.35,11,9,91,21,98,57,1583,26,4.7,93,2,5,3,3,28,Cybersecurity,2020,26.74
CSE_0311,7.19,21,37,62,50,55,44,2162,37,2.2,90,13,10,1,8,59,AI_ML,2022,0
CSE_0312,5.39,16,95,23,47,27,21,1473,89,1.8,38,11,8,4,4,20,AI_ML,2022,9.45
CSE_0313,5.13,9,91,98,20,0,31,2379,57,4.4,62,2,8,1,5,16,DataEngineering,2020,30.65
CSE_0314,9.81,64,80,12,21,41,68,2332,61,4.6,78,10,7,3,8,17,Cybersecurity,2024,0
CSE_0315,9.18,21,94,97,99,81,86,1037,45,3.2,25,12,8,4,6,56,DataEngineering,2018,0
CSE_0316,8.48,89,7,10,97,47,68,1957,88,3.5,64,11,3,0,4,36,Cybersecurity,2021,0.73
CSE_0317,7.04,81,24,99,29,39,41,2015,10,2,3,8,5,0,1,59,Cybersecurity,2020,10.4
CSE_0318,5.87,49,72,50,24,96,52,2179,71,4.2,28,3,4,1,3,37,DataEngineering,2022,18.11
CSE_0319,5.78,13,65,16,27,62,95,1077,7,3.5,0,8,4,5,1,11,Cybersecurity,2021,24.86
CSE_0320,6.25,63,78,98,64,75,58,1841,96,3,49,15,3,0,2,74,FullStack,2024,0
CSE_0321,7.75,46,49,81,44,71,73,1323,70,1.2,85,15,1,0,2,83,Cybersecurity,2021,0
CSE_0322,8.57,28,66,85,67,87,38,979,63,4.7,10,3,11,0,3,72,Cybersecurity,2018,0
CSE_0323,8.3,75,48,23,6,79,14,922,20,3.5,73,1,5,3,5,0,DataEngineering,2022,22.16
CSE_0324,6.4,35,35,18,48,3,70,2069,71,1.8,58,14,8,0,2,57,AI_ML,2019,7.69
CSE_0325,9.77,98,67,36,8,37,28,2196,62,3.4,61,3,11,2,0,2,DevOps,2018,5.62
CSE_0326,8.69,51,77,84,35,26,2,1874,84,3.7,80,5,0,4,0,62,Cybersecurity,2018,24.21
CSE_0327,7.77,75,40,7,82,8,82,1894,63,3.1,35,5,6,0,8,20,DevOps,2019,23.14
CSE_0328,8.06,6,88,27,0,15,9,1279,19,3.9,55,4,5,5,8,22,Cybersecurity,2019,30.81
CSE_0329,7.1,28,61,4,9,55,91,2383,7,3.3,89,14,2,5,4,8,DataEngineering,2024,6.77
CSE_0330,6.24,10,9,16,35,75,28,1842,57,4.8,20,14,0,0,8,82,DataEngineering,2024,4.85
CSE_0331,6.78,32,20,100,72,30,78,883,45,1.2,12,0,12,0,6,54,Cybersecurity,2018,30.36
CSE_0332,8.79,5,35,35,45,87,34,1978,30,1.4,8,2,3,2,8,18,DataEngineering,2021,44.37
CSE_0333,5.07,78,11,18,31,13,5,1364,92,1.7,10,4,8,0,6,61,DataEngineering,2020,23.59
CSE_0334,5.58,31,90,63,31,24,11,1418,8,3.8,74,5,1,0,8,86,Cybersecurity,2020,24.31
CSE_0335,5.23,50,1,90,5,33,37,1156,14,3.6,69,13,2,4,1,90,AI_ML,2018,4.84
CSE_0336,5.2,74,12,97,47,66,76,1615,93,4.6,0,15,1,5,7,90,Cybersecurity,2021,0
CSE_0337,9.28,57,52,10,37,23,92,1446,25,3.9,69,0,1,2,6,38,AI_ML,2019,32.55
CSE_0338,8.52,86,31,53,16,72,18,1242,9,3,76,13,9,5,5,99,DataEngineering,2023,0
CSE_0339,7.37,25,94,44,73,25,66,1892,28,5,85,13,10,2,4,75,AI_ML,2018,0
CSE_0340,5.49,97,15,46,26,19,7,1322,79,2.1,55,8,10,5,3,26,DataEngineering,2022,6.05
CSE_0341,7.46,45,31,11,53,63,7,942,35,4.3,30,13,7,0,6,45,AI_ML,2021,0
CSE_0342,7.37,97,31,20,49,9,83,991,83,2.7,85,2,2,5,2,33,AI_ML,2022,33.65
CSE_0343,5.87,28,97,10,34,82,46,2210,36,3.6,36,9,6,5,7,32,Cybersecurity,2022,0
CSE_0344,7.17,3,10,91,84,66,3,1177,85,3.9,46,12,7,2,1,91,AI_ML,2018,6.84
CSE_0345,6.99,80,9,4,24,23,50,1380,70,3.5,90,2,2,1,0,94,DataEngineering,2021,23.13
CSE_0346,8.08,98,14,80,27,4,84,1334,22,1.6,77,10,1,2,1,95,Cybersecurity,2022,6.43
CSE_0347,8.18,12,16,55,14,66,66,2116,40,2.8,46,1,12,2,8,49,AI_ML,2024,20.33
CSE_0348,5.23,38,39,19,3,57,44,1832,92,3.2,68,7,12,2,4,19,Cybersecurity,2024,8.61
CSE_0349,6.87,14,17,40,92,26,7,2094,79,4.4,57,14,7,3,7,39,DevOps,2021,0.04
CSE_0350,8.13,28,54,45,72,79,86,2210,27,2.8,35,12,2,3,2,98,Cybersecurity,2020,0
CSE_0351,7.52,28,72,11,26,14,15,892,47,4.7,31,15,6,3,6,94,DevOps,2023,0
CSE_0352,9.28,74,24,69,25,34,76,1328,37,2.8,97,15,11,2,1,57,DevOps,2022,0
CSE_0353,8.29,31,58,16,18,75,66,1977,30,3.2,63,2,0,1,7,30,Cybersecurity,2022,37.42
CSE_0354,5.81,1,77,18,91,52,8,1204,13,4.2,70,5,11,2,6,37,DataEngineering,2021,7.37
CSE_0355,5.35,46,88,25,16,43,59,1639,96,3.3,41,15,5,0,4,85,DataEngineering,2024,0
CSE_0356,8.21,77,21,47,42,25,77,1972,72,4.8,47,1,11,1,3,44,DataEngineering,2023,10.03
CSE_0357,5.13,83,29,51,40,46,76,1688,90,3.6,73,6,11,3,0,40,FullStack,2020,4.43
CSE_0358,7.93,21,83,95,41,33,70,2090,87,3.1,80,12,12,5,4,8,DevOps,2022,0
CSE_0359,9.7,74,84,69,49,86,14,1221,76,1.1,29,3,8,5,8,8,Cybersecurity,2018,14.84
CSE_0360,7.88,26,43,54,83,94,70,1271,89,2.7,20,8,11,4,3,62,DataEngineering,2024,0
CSE_0361,6.94,66,31,99,39,49,97,1692,28,2.2,59,13,2,1,8,78,DataEngineering,2021,3.72
CSE_0362,8.22,80,50,74,38,83,40,1346,50,4,12,9,6,3,1,76,Cybersecurity,2021,0
CSE_0363,7.29,55,45,32,22,11,21,1430,48,1.8,0,8,12,1,3,21,DevOps,2024,0.92
CSE_0364,7.73,91,20,61,95,86,23,2349,42,1.8,64,6,5,1,8,15,Cybersecurity,2022,9.92
CSE_0365,9.71,92,98,87,51,3,100,2326,91,1.8,32,14,7,5,3,31,FullStack,2020,0
CSE_0366,6.93,20,31,22,46,86,43,1837,91,1.5,37,11,2,2,4,65,FullStack,2022,13.66
CSE_0367,9.81,46,93,14,62,47,0,1577,71,2.2,24,7,2,0,7,89,Cybersecurity,2024,0
CSE_0368,9.53,79,38,26,96,54,9,1163,86,4.5,25,2,3,4,0,13,DevOps,2019,13.86
CSE_0369,5.98,100,11,74,68,0,79,918,92,4.1,76,10,2,3,0,37,DataEngineering,2022,11.96
CSE_0370,5.35,58,46,63,42,88,71,2061,4,3.9,58,4,8,1,8,97,FullStack,2023,0.68
CSE_0371,5.5,83,17,80,47,65,55,1345,41,4.2,91,1,10,4,8,7,FullStack,2024,14.93
CSE_0372,5.09,5,20,50,33,29,88,1992,6,2.1,32,9,3,1,3,99,DevOps,2023,20.27
CSE_0373,5.47,18,12,52,39,2,49,1321,41,4.5,100,15,5,5,1,20,FullStack,2024,10.9
CSE_0374,8.42,56,20,77,74,20,11,1433,35,1.5,40,6,7,0,8,55,FullStack,2019,21.68
CSE_0375,5.36,68,7,90,60,88,88,1762,26,2.3,29,12,10,5,3,45,DevOps,2023,0
CSE_0376,6.59,2,45,81,49,83,80,1757,57,3.3,56,7,12,4,5,42,Cybersecurity,2023,3.57
CSE_0377,9.22,0,6,91,66,48,59,1682,45,1.4,48,8,7,3,0,91,DataEngineering,2018,23.14
CSE_0378,5.12,57,22,50,61,85,25,1579,65,3.9,47,10,4,1,8,45,DataEngineering,2021,0
CSE_0379,9.07,37,95,46,57,84,77,1670,24,2.5,71,10,4,0,4,47,FullStack,2023,0
CSE_0380,6.41,14,74,3,32,61,40,1315,72,4.1,48,6,5,5,2,69,DataEngineering,2021,11.29
CSE_0381,5.59,33,85,6,74,96,35,1737,26,3,46,9,9,4,3,83,Cybersecurity,2024,0
CSE_0382,8.48,60,21,34,15,37,22,2220,0,1.7,55,14,6,5,0,30,FullStack,2020,0
CSE_0383,8.14,34,88,47,81,14,42,1665,86,3.9,64,15,12,1,8,32,DataEngineering,2022,0
CSE_0384,9.39,63,21,72,93,51,5,905,73,2,11,9,12,1,7,43,AI_ML,2018,0.96
CSE_0385,8.68,24,91,71,47,78,68,1908,41,3,68,12,9,3,3,70,AI_ML,2024,0
CSE_0386,9.02,23,28,44,9,45,42,1013,51,1.3,87,7,6,0,1,7,AI_ML,2019,30.07
CSE_0387,6.41,11,12,80,81,24,24,1944,24,3.5,5,11,12,2,8,72,AI_ML,2020,2.63
CSE_0388,5.89,17,81,80,37,20,17,1955,53,3.7,88,8,3,5,3,1,AI_ML,2018,28.35
CSE_0389,8.75,14,1,96,18,87,61,1649,66,2.5,64,5,5,1,8,16,FullStack,2018,33.39
CSE_0390,9.03,79,28,95,35,4,12,996,5,4.8,24,11,6,4,2,51,DevOps,2024,0
CSE_0391,9.95,26,84,71,58,69,42,818,57,4.5,0,15,4,5,6,44,DevOps,2019,0
CSE_0392,7.06,71,78,18,62,46,77,1441,69,3.8,31,11,4,3,6,36,FullStack,2019,3.46
CSE_0393,6.86,59,51,62,76,86,27,1835,52,3.9,2,9,1,3,3,41,FullStack,2021,3.17
CSE_0394,8.88,45,26,37,45,67,17,1904,65,2,48,1,6,1,1,43,Cybersecurity,2022,28.54
CSE_0395,6.7,88,49,66,2,90,58,1129,57,3.6,18,1,11,1,8,80,DevOps,2024,0
CSE_0396,9.65,16,94,58,73,17,59,1665,81,1.8,59,3,5,1,3,37,AI_ML,2020,28.63
CSE_0397,9.29,92,78,68,64,20,62,1573,86,1.6,28,14,10,2,7,98,FullStack,2022,0
CSE_0398,7.14,52,22,12,90,91,56,1191,1,5,49,8,0,1,1,93,AI_ML,2020,0
CSE_0399,8.75,7,87,46,7,98,91,1436,75,3.5,1,6,3,5,7,5,DevOps,2018,23.74
CSE_0400,8.77,78,43,60,50,85,50,1106,21,2.7,72,1,2,5,4,67,DataEngineering,2023,16.24
CSE_0401,5.52,26,76,30,80,22,55,2090,36,2.2,55,7,11,0,6,50,DataEngineering,2023,8.61
CSE_0402,9.51,45,21,79,72,63,26,2270,19,3.4,16,15,2,4,6,100,FullStack,2024,0
CSE_0403,7.53,49,42,95,5,66,31,2264,23,1.2,59,10,6,1,8,34,Cybersecurity,2019,13.61
CSE_0404,9.13,70,36,21,88,39,8,1694,83,1.4,35,6,10,5,2,57,AI_ML,2019,4.17
CSE_0405,6.6,2,60,92,38,9,95,1451,64,1.1,60,8,11,5,3,56,FullStack,2018,19.68
CSE_0406,9.48,92,96,85,59,88,83,1640,64,3,16,7,9,5,3,72,Cybersecurity,2018,0
CSE_0407,6.95,63,55,42,27,51,91,1825,80,3.4,48,2,3,2,4,5,AI_ML,2020,33.58
CSE_0408,5.05,43,2,66,96,71,96,1319,0,1.2,75,0,11,4,5,12,DevOps,2018,48.46
CSE_0409,9.53,52,62,53,53,74,67,1435,93,3.9,59,1,7,3,2,58,DataEngineering,2024,2.98
CSE_0410,5.46,23,18,9,36,60,45,2132,2,1.9,19,14,10,5,3,85,Cybersecurity,2020,0
CSE_0411,6.6,59,22,41,8,63,97,1539,45,3.7,49,13,8,1,2,91,AI_ML,2022,0
CSE_0412,9.75,2,28,63,81,4,66,2345,54,4.9,2,12,2,5,1,29,FullStack,2019,10.34
CSE_0413,9.75,19,29,20,55,52,25,1268,74,3.8,42,1,4,4,8,99,AI_ML,2019,23.15
CSE_0414,7.87,45,38,79,58,54,7,1011,87,4.5,56,15,3,3,0,1,FullStack,2023,0
CSE_0415,8.16,14,24,75,84,36,5,1935,85,4.8,49,3,11,2,1,57,DataEngineering,2023,11.76
CSE_0416,7.24,24,100,65,1,55,79,1831,63,2.9,67,5,9,0,7,35,DataEngineering,2024,5.11
CSE_0417,6.47,93,7,40,60,58,23,1603,44,3.8,80,3,5,1,6,71,AI_ML,2019,15.34
CSE_0418,6.64,77,57,23,57,92,47,1276,25,4.4,49,8,10,0,0,44,AI_ML,2024,0
CSE_0419,8.36,70,15,34,59,68,93,1673,76,2.4,36,3,9,2,4,8,FullStack,2022,17.02
CSE_0420,8.76,16,71,55,39,72,44,1259,64,2,45,5,3,4,5,64,FullStack,2022,22.54
CSE_0421,8.96,83,0,29,35,58,12,1052,23,4.8,41,5,7,4,4,76,Cybersecurity,2021,0
CSE_0422,8.95,99,4,56,36,1,68,2349,73,3.9,14,9,2,2,3,49,Cybersecurity,2020,14.36
CSE_0423,5.46,8,2,93,78,64,24,1551,34,1.9,32,10,10,5,0,78,Cybersecurity,2023,8.15
CSE_0424,7.47,37,64,46,91,59,19,2261,23,2.8,79,9,4,2,6,31,AI_ML,2020,16.49
CSE_0425,5.29,47,3,34,17,50,81,1780,27,4.2,10,0,12,1,8,97,Cybersecurity,2023,11.99
CSE_0426,7.75,59,98,18,97,29,81,1653,99,3.2,19,7,0,3,5,42,AI_ML,2021,11.91
CSE_0427,7.21,62,95,7,62,10,65,1035,79,3.6,23,11,12,0,2,94,DataEngineering,2019,0
CSE_0428,9.44,85,63,25,21,91,73,2129,15,4,63,2,5,0,3,77,DevOps,2024,0
CSE_0429,6.75,1,97,70,10,75,44,1277,58,3.5,79,14,10,4,4,53,DataEngineering,2020,0
CSE_0430,5.59,87,88,29,57,38,46,1478,80,3.2,93,12,4,5,0,46,AI_ML,2023,0
CSE_0431,5.71,71,9,6,56,89,62,1843,53,4,97,5,7,4,4,13,AI_ML,2020,13.43
CSE_0432,8.81,10,20,66,76,76,75,1015,78,3.9,64,2,8,1,0,47,DevOps,2019,21.49
CSE_0433,8.09,63,45,64,3,71,76,1654,15,3.5,87,15,7,2,8,54,FullStack,2024,0
CSE_0434,5.51,76,90,35,85,62,54,934,14,2.4,87,14,7,0,6,28,FullStack,2018,0
CSE_0435,5.42,80,26,24,6,63,74,1704,97,2.6,72,10,11,1,2,46,FullStack,2023,0
CSE_0436,8.5,71,65,36,60,60,18,1952,10,4.9,85,1,12,4,8,62,Cybersecurity,2018,0
CSE_0437,5.36,20,40,0,53,53,34,1209,64,1.4,75,14,2,4,1,18,FullStack,2021,22.64
CSE_0438,9.11,17,12,14,87,91,52,2245,78,2.1,16,4,3,0,6,90,Cybersecurity,2024,19.82
CSE_0439,8.53,93,8,36,67,93,25,2117,89,3,88,15,10,4,8,8,Cybersecurity,2022,0
CSE_0440,5.41,63,35,12,91,72,13,2069,67,4.3,91,13,3,5,5,100,FullStack,2020,0
CSE_0441,5.42,81,85,7,78,94,44,2379,42,1.7,60,15,10,4,4,36,FullStack,2023,0
CSE_0442,9.93,94,89,4,0,57,43,885,68,2.1,14,0,4,3,6,91,DevOps,2020,14.73
CSE_0443,6.87,37,57,59,54,84,87,1355,98,1.3,93,8,12,2,5,51,DevOps,2021,0
CSE_0444,6.85,31,53,72,2,55,64,2198,12,3.8,50,10,8,4,4,56,Cybersecurity,2021,0
CSE_0445,9.06,10,11,0,77,33,50,2269,9,2,26,6,11,3,1,87,DevOps,2020,13.05
CSE_0446,9.74,44,80,35,37,30,42,1177,74,2.6,85,2,8,1,7,27,Cybersecurity,2023,16.7
CSE_0447,9.93,88,77,34,0,51,85,2213,81,2.8,73,3,9,4,6,35,AI_ML,2024,0
CSE_0448,8.77,32,13,65,37,88,22,1874,97,4.6,60,12,12,5,5,63,Cybersecurity,2019,0
CSE_0449,6.88,40,33,62,84,75,55,1041,40,2.6,57,5,11,1,4,17,Cybersecurity,2024,10.46
CSE_0450,5.42,7,52,22,28,0,18,2117,49,1.6,30,2,0,4,4,88,DevOps,2019,52.92
CSE_0451,8.89,10,19,8,4,54,81,1719,86,3.1,90,11,7,0,8,34,AI_ML,2022,8.6
CSE_0452,7.79,85,74,33,73,21,75,2386,70,4.9,11,6,0,3,0,67,DataEngineering,2024,0
CSE_0453,7.12,50,15,45,91,39,54,1065,58,3.4,45,12,1,3,8,77,DataEngineering,2020,10.62
CSE_0454,9.53,87,94,77,20,100,91,1943,38,4.9,30,5,6,0,5,38,DataEngineering,2020,0
CSE_0455,5.56,40,69,3,70,0,91,1511,2,4.4,31,8,7,2,3,89,AI_ML,2023,0
CSE_0456,7.46,16,55,29,66,64,59,2071,75,1.1,31,11,0,5,6,7,FullStack,2020,34.83
CSE_0457,5.06,75,82,94,46,62,58,869,6,3.6,98,14,2,3,8,87,AI_ML,2023,0
CSE_0458,7.34,45,100,74,83,53,32,856,48,2.1,52,4,6,1,4,79,DevOps,2020,12.6
CSE_0459,5.28,31,57,98,82,41,18,2205,25,3.2,60,3,12,5,4,83,Cybersecurity,2021,13.6
CSE_0460,5.59,78,3,71,34,20,27,838,32,2.1,45,2,8,3,7,14,Cybersecurity,2018,37.7
CSE_0461,5.59,79,3,2,67,78,51,1600,100,2.4,84,9,7,2,6,6,DevOps,2020,16.7
CSE_0462,8.25,53,19,13,68,80,48,2266,47,4.7,73,0,7,1,7,16,DevOps,2018,25.39
CSE_0463,8.73,85,9,59,0,21,36,1841,78,1.8,79,2,8,5,1,85,Cybersecurity,2019,21.4
CSE_0464,7.92,91,23,76,67,37,25,1531,1,4.5,6,2,9,1,8,85,FullStack,2022,0
CSE_0465,9.81,19,98,44,11,98,98,1624,70,1.1,3,6,2,0,2,63,FullStack,2024,10.72
CSE_0466,6.87,32,25,95,59,79,97,1555,31,1.4,90,6,7,4,5,11,FullStack,2024,24.15
CSE_0467,6.43,73,36,33,26,7,98,1151,3,4.4,51,12,0,0,5,81,DevOps,2019,9.22
CSE_0468,9.34,39,84,44,55,61,39,2121,19,3.5,88,14,7,5,1,55,Cybersecurity,2020,0
CSE_0469,6.12,31,53,60,22,46,79,1082,35,4,30,11,12,4,6,45,Cybersecurity,2024,0
CSE_0470,9.82,96,20,82,24,16,37,909,31,1.8,74,0,6,0,8,46,Cybersecurity,2023,23.76
CSE_0471,5.06,1,73,15,20,16,76,1816,27,3.1,83,2,12,4,0,78,AI_ML,2019,18.19
CSE_0472,9.85,96,37,65,60,89,86,2003,76,3.9,35,12,7,3,7,100,AI_ML,2021,0
CSE_0473,5.22,32,45,39,62,12,53,1343,0,3.5,53,7,0,1,1,15,DataEngineering,2018,43.53
CSE_0474,9.46,76,3,16,51,16,21,824,59,2.9,53,15,5,4,0,68,AI_ML,2023,0
CSE_0475,7.64,29,59,33,87,37,15,1642,55,4.8,16,8,6,3,7,1,FullStack,2024,6.76
CSE_0476,9.96,32,56,15,24,80,27,1590,34,3.7,74,6,10,2,1,91,FullStack,2023,0
CSE_0477,5.37,76,44,59,54,77,34,1537,29,4.6,29,6,4,0,5,53,FullStack,2020,5.09
CSE_0478,7.77,25,19,65,45,44,59,856,53,3.9,98,11,4,2,5,26,FullStack,2021,13
CSE_0479,9.85,21,16,65,31,5,44,979,35,3.9,21,14,6,5,4,30,DataEngineering,2018,3.48
CSE_0480,7.62,65,70,89,54,34,45,1031,54,1.3,42,15,10,3,7,40,FullStack,2021,0
CSE_0481,8.15,37,3,12,95,13,71,1142,88,2.4,26,10,2,2,2,35,DevOps,2019,27.36
CSE_0482,8.48,89,92,55,4,71,54,1276,79,4.4,36,7,5,2,3,46,DevOps,2020,0
CSE_0483,7.27,45,13,30,35,60,85,1375,57,1.9,45,5,6,3,6,42,DevOps,2023,25.39
CSE_0484,8.14,14,2,33,48,14,84,1254,82,1.5,34,10,0,1,6,64,AI_ML,2023,31.33
CSE_0485,7.92,97,87,38,57,53,25,2055,64,2.3,3,2,11,4,7,49,Cybersecurity,2019,4.17
CSE_0486,9.51,43,100,66,38,26,84,1088,68,1.9,79,14,1,5,1,92,DataEngineering,2023,0
CSE_0487,5.23,48,79,7,79,12,24,2036,50,4.7,79,0,11,5,1,0,DevOps,2022,16.98
CSE_0488,6.4,74,57,86,96,30,64,1057,21,4.5,84,6,3,0,3,71,DevOps,2020,10.12
CSE_0489,9.75,60,54,77,84,34,5,1329,87,3,25,0,12,4,8,56,FullStack,2019,13.11
CSE_0490,9.45,66,3,54,60,59,22,1486,100,1.2,99,0,7,0,8,15,DevOps,2020,42.73
CSE_0491,7.28,5,23,26,8,5,63,1728,52,3.9,18,15,10,5,3,27,FullStack,2018,4.57
CSE_0492,8.1,8,33,92,5,68,86,1028,99,3.5,80,8,12,4,8,85,FullStack,2020,0
CSE_0493,6.39,5,29,52,34,85,42,2049,35,4.9,44,12,9,2,2,81,Cybersecurity,2020,0
CSE_0494,5.94,72,81,38,38,57,22,1395,67,3.2,25,9,5,1,4,21,AI_ML,2018,1.86
CSE_0495,7.32,94,18,64,21,48,95,1234,35,2.3,21,6,0,2,8,40,FullStack,2019,28.89
CSE_0496,6.77,31,30,16,40,22,29,1681,51,3.1,57,12,9,1,5,75,FullStack,2020,3.87
CSE_0497,7.92,40,59,29,4,88,76,1820,52,4.9,62,10,4,3,2,18,Cybersecurity,2021,0
CSE_0498,5.39,75,59,52,41,33,17,1201,81,3.8,27,12,6,0,8,88,FullStack,2020,0
CSE_0499,9.87,7,18,12,86,25,86,1421,49,3.7,64,3,12,0,5,49,DataEngineering,2019,20
CSE_0500,9.93,71,48,20,80,46,78,887,79,2,43,5,5,3,3,58,AI_ML,2023,4.21
CSE_0501,8.49,49,62,18,75,4,96,1383,40,4,99,0,12,4,3,68,DataEngineering,2024,5.09
CSE_0502,7.68,91,82,52,86,89,20,2365,17,4,42,6,12,3,7,33,DevOps,2018,0
CSE_0503,6.55,61,21,18,79,19,56,1108,21,2.3,36,11,11,5,6,38,AI_ML,2023,0
CSE_0504,9.07,83,23,56,66,5,22,1705,65,2.9,65,14,8,3,0,73,DevOps,2019,0
CSE_0505,8.42,61,75,24,29,69,90,1142,20,2.2,16,15,7,1,5,6,FullStack,2022,0
CSE_0506,5.81,6,29,85,56,58,44,1235,99,2,39,5,3,5,7,100,Cybersecurity,2024,23.77
CSE_0507,9.55,74,57,30,85,63,43,976,43,1.1,37,3,12,3,2,51,DataEngineering,2023,0
CSE_0508,9.11,83,30,80,72,17,81,938,46,2.1,84,6,10,0,8,59,DevOps,2020,5.24
CSE_0509,9.75,79,99,54,28,3,87,993,38,3.2,60,2,11,2,1,51,FullStack,2024,0
CSE_0510,8.63,3,63,22,36,16,46,2009,28,1,8,0,4,1,5,78,DataEngineering,2020,44.84
CSE_0511,8.07,5,18,31,86,13,39,2041,53,2.1,76,3,6,1,0,23,DataEngineering,2018,48.87
CSE_0512,7.09,57,47,61,12,77,50,1987,89,4.5,74,2,7,4,1,25,DevOps,2020,15.25
CSE_0513,9.66,21,44,73,31,12,41,1984,84,3.4,60,0,4,2,4,89,FullStack,2024,28.2
CSE_0514,9.33,25,99,9,45,6,6,1742,16,3.4,79,1,8,1,0,89,Cybersecurity,2021,10.38
CSE_0515,5.23,2,93,99,22,43,49,1324,79,2.6,15,10,9,3,7,9,DevOps,2021,10.99
CSE_0516,5.13,40,54,71,44,14,47,1865,59,3.7,1,4,11,1,0,16,DataEngineering,2023,13.64
CSE_0517,6.88,59,54,53,16,18,83,1714,30,1.8,71,14,3,1,8,77,DataEngineering,2019,6.41
CSE_0518,9.05,13,96,51,84,62,90,1009,72,4.3,42,7,3,1,2,1,AI_ML,2018,15.73
CSE_0519,9.94,74,17,19,65,34,5,1540,94,1.5,41,0,12,4,1,76,FullStack,2022,15.73
CSE_0520,5.75,81,62,31,100,80,90,1661,77,3.6,76,3,7,1,0,26,AI_ML,2023,8.19
CSE_0521,7.97,11,91,13,5,34,8,2098,48,2.4,56,13,0,1,8,72,Cybersecurity,2019,18.46
CSE_0522,6.9,86,46,49,17,18,56,1753,100,4,80,3,7,4,3,70,DevOps,2018,10.32
CSE_0523,9.85,11,74,27,93,19,30,2102,1,3.2,87,4,4,5,0,47,DataEngineering,2024,22.08
CSE_0524,9.21,12,56,52,21,99,20,2074,47,2.8,66,6,12,2,0,73,FullStack,2018,1.26
CSE_0525,9.19,24,44,23,32,34,89,2133,13,1.7,29,12,10,5,6,8,DataEngineering,2024,0
CSE_0526,7.34,44,32,78,29,31,39,1632,58,3.5,12,11,0,0,1,85,AI_ML,2023,8.44
CSE_0527,7.07,18,16,21,80,47,44,939,96,4.9,18,7,3,4,6,22,AI_ML,2019,28.68
CSE_0528,6.37,54,69,29,31,43,76,1591,98,4.3,6,14,1,4,6,70,DevOps,2019,0
CSE_0529,5.28,99,3,62,41,23,48,1345,57,1.2,8,5,3,1,8,72,FullStack,2020,31.07
CSE_0530,9.32,44,19,3,77,60,86,1816,57,2.5,82,0,7,1,6,26,FullStack,2022,33.3
CSE_0531,9.06,7,46,76,9,16,19,2353,50,4.7,53,6,4,0,0,87,DevOps,2021,14.16
CSE_0532,10,92,90,58,35,70,100,856,83,3,85,2,0,1,7,92,AI_ML,2020,6.04
CSE_0533,9.98,52,14,86,33,49,91,911,1,3.6,81,14,6,3,7,80,AI_ML,2018,0
CSE_0534,7.78,54,69,7,72,64,16,804,40,4.7,60,12,0,1,3,83,AI_ML,2022,0
CSE_0535,8.84,31,46,81,27,98,27,2233,82,4.5,86,12,8,1,7,70,DataEngineering,2022,0
CSE_0536,9.72,50,77,11,10,31,40,2237,100,3,1,12,2,3,3,42,Cybersecurity,2019,0
CSE_0537,9.25,43,74,30,77,35,65,2005,81,2.8,49,5,11,0,7,6,AI_ML,2022,6.88
CSE_0538,6.24,81,8,77,38,12,24,1836,15,2.4,74,14,2,3,4,91,Cybersecurity,2023,0
CSE_0539,7.25,69,89,33,46,69,57,2162,3,3.9,30,15,5,4,3,82,Cybersecurity,2022,0
CSE_0540,5.65,17,15,81,18,57,40,2082,11,2.1,32,7,9,3,5,62,FullStack,2018,26.41
CSE_0541,9.77,82,68,97,14,13,5,889,28,2,77,6,5,2,1,83,DevOps,2023,5.69
CSE_0542,8.03,21,60,74,27,36,74,1415,6,2.4,79,15,12,4,1,43,DataEngineering,2023,0
CSE_0543,6.14,36,9,75,23,78,37,1690,13,1.7,10,9,10,1,1,38,Cybersecurity,2020,12.17
CSE_0544,8.36,95,49,48,71,67,5,1497,11,3.8,32,5,10,4,8,39,DataEngineering,2022,0
CSE_0545,8.09,55,2,78,8,39,44,2073,98,3.5,6,8,5,0,2,6,FullStack,2019,23.76
CSE_0546,6.79,58,76,56,46,58,74,2078,4,2.9,30,8,12,0,3,69,AI_ML,2024,0
CSE_0547,5.57,2,93,94,32,79,13,1697,80,2.6,47,0,0,3,7,24,Cybersecurity,2020,50.61
CSE_0548,8.36,27,69,92,61,91,65,1770,31,4.6,46,0,4,4,3,58,DevOps,2019,19.67
CSE_0549,7.6,73,80,25,96,15,39,1931,73,1.1,77,0,11,1,6,12,FullStack,2022,21.98
CSE_0550,8.86,34,50,17,18,61,2,1467,42,4.1,91,7,5,0,4,85,DataEngineering,2020,0
CSE_0551,7.6,60,18,95,66,3,98,1393,80,4.6,52,11,7,5,8,80,AI_ML,2022,0
CSE_0552,9.26,92,41,85,73,44,96,1388,68,2.8,79,12,12,1,3,85,DataEngineering,2018,0
CSE_0553,7.76,53,34,37,39,89,23,1284,44,3.2,18,13,0,5,2,97,DevOps,2020,0
CSE_0554,7.8,62,45,80,46,27,18,1781,8,4.8,80,11,4,2,1,61,Cybersecurity,2019,0
CSE_0555,9.38,78,25,86,64,95,17,1771,48,1.8,89,13,2,5,0,7,DevOps,2018,11.77
CSE_0556,7.02,96,68,87,28,65,63,2081,32,3.1,5,9,1,0,5,44,DataEngineering,2021,0
CSE_0557,5.67,6,92,49,49,30,87,1438,99,2.9,48,6,10,3,1,17,DataEngineering,2019,26.3
CSE_0558,5.14,75,63,7,97,2,34,1796,99,2,72,2,7,2,7,87,DevOps,2024,10.17
CSE_0559,8.78,48,36,40,12,7,61,1081,17,4.3,49,12,6,4,5,59,DevOps,2022,0
CSE_0560,8.1,93,83,5,0,23,0,1785,8,4.6,80,1,9,1,4,59,DevOps,2019,1.32
CSE_0561,8.52,84,48,68,33,14,99,1911,61,4.1,94,3,6,0,1,1,AI_ML,2021,13.38
CSE_0562,6.06,30,20,43,92,42,24,2027,56,1.8,11,2,4,2,6,65,DataEngineering,2019,41.58
CSE_0563,5.68,57,73,63,47,30,44,815,28,1.3,22,6,11,2,1,90,FullStack,2018,6.81
CSE_0564,5.07,60,63,28,76,72,48,1974,77,3.4,53,9,12,0,4,13,AI_ML,2023,0
CSE_0565,6.75,23,4,27,47,44,97,1735,24,1.2,68,14,8,4,1,47,AI_ML,2019,9.74
CSE_0566,7.95,19,99,10,48,65,88,1053,14,3.7,99,14,4,4,1,55,AI_ML,2020,0
CSE_0567,6.96,36,69,64,63,7,15,2011,5,3.1,58,7,1,3,6,11,FullStack,2024,25.64
CSE_0568,7.19,3,89,18,60,70,97,1128,41,3.7,35,5,2,5,8,95,DevOps,2021,16.96
CSE_0569,9.52,91,3,8,28,56,92,1343,28,3.4,2,2,3,4,4,91,DataEngineering,2019,14.37
CSE_0570,6.74,19,38,26,38,79,18,1582,78,2.7,57,5,4,3,6,54,Cybersecurity,2021,23.99
CSE_0571,7.57,59,34,33,87,98,22,1796,92,1.8,87,14,12,5,3,27,Cybersecurity,2023,0
CSE_0572,8.92,23,0,43,25,29,82,2220,3,2.2,54,15,2,2,1,88,DataEngineering,2018,8.44
CSE_0573,6.98,49,23,67,16,73,24,2340,81,3.1,56,1,11,0,2,3,FullStack,2020,20.96
CSE_0574,8.11,48,56,99,70,17,15,2282,56,3.6,16,14,6,4,1,89,Cybersecurity,2022,0
CSE_0575,9.31,50,99,81,12,68,53,2153,48,4.1,38,11,4,3,4,35,AI_ML,2019,0
CSE_0576,9.75,95,69,14,68,92,72,1644,43,4.1,89,6,4,2,5,49,Cybersecurity,2018,0.22
CSE_0577,5.74,35,40,50,25,38,0,1992,79,4.9,67,13,5,4,6,2,DataEngineering,2021,3.97
CSE_0578,9.63,97,53,12,48,59,41,1165,74,2.1,54,10,6,1,2,0,AI_ML,2023,0
CSE_0579,7.46,99,45,82,66,97,18,2001,13,1.3,44,9,9,2,3,16,Cybersecurity,2024,0
CSE_0580,6.29,65,59,48,6,42,96,1454,2,2.4,75,13,9,4,7,70,DataEngineering,2021,0
CSE_0581,7.3,78,59,69,57,44,33,2185,61,4,0,6,7,2,3,61,FullStack,2024,0
CSE_0582,9.9,33,56,55,48,22,79,1559,63,2.8,20,3,8,0,6,47,DataEngineering,2023,11.49
CSE_0583,7.46,35,30,75,52,68,54,1438,44,4.3,82,12,10,0,5,61,FullStack,2024,0
CSE_0584,6.64,5,83,50,64,93,17,1863,81,3.2,20,7,3,0,6,68,AI_ML,2023,10.12
CSE_0585,8.17,38,23,36,61,5,33,1723,57,4.7,51,3,4,5,0,18,DataEngineering,2018,38.19
CSE_0586,6.2,41,88,16,16,55,88,1215,19,4.8,81,6,4,1,2,33,DevOps,2019,12.29
CSE_0587,5.38,57,35,57,42,3,44,2178,57,1.3,42,3,7,0,5,98,DevOps,2022,27.65
CSE_0588,5.64,11,84,86,24,92,5,1054,88,2.8,51,15,8,1,2,48,DevOps,2019,0
CSE_0589,5.64,2,29,89,2,22,20,1966,56,3.4,66,12,6,0,6,79,DevOps,2020,9.06
CSE_0590,5.76,17,23,28,78,5,69,1509,76,2,43,11,4,5,8,46,DevOps,2019,25.35
CSE_0591,5.69,39,29,32,28,31,95,1376,67,2.6,31,4,2,2,2,90,FullStack,2023,29.07
CSE_0592,8.2,20,85,59,31,17,47,1699,77,3.7,9,6,0,4,0,49,DataEngineering,2023,19.55
CSE_0593,5.91,14,91,90,25,14,38,810,96,1.9,63,12,10,4,5,88,AI_ML,2020,0
CSE_0594,6.73,96,6,88,15,39,30,825,91,3.4,78,13,8,0,0,25,DevOps,2021,0
CSE_0595,9.48,98,34,54,24,95,9,1756,51,3.8,68,13,4,4,0,55,DevOps,2023,0
CSE_0596,7.37,25,54,9,53,72,29,1220,36,1.4,67,12,8,0,7,77,AI_ML,2020,2.05
CSE_0597,8.34,7,91,46,27,100,17,2044,7,3,27,9,9,0,8,13,AI_ML,2023,0
CSE_0598,5.86,99,13,22,72,73,59,1295,43,2.1,52,2,11,3,1,77,DevOps,2022,5.18
CSE_0599,5.96,93,9,84,55,83,87,2060,97,3.9,50,9,12,3,8,24,FullStack,2023,0
CSE_0600,5.2,86,79,20,64,5,72,1036,4,1.8,52,4,3,3,4,99,AI_ML,2018,23.99
CSE_0601,5.84,41,15,12,92,62,94,1808,68,4.6,3,10,4,1,7,3,DataEngineering,2020,17.67
CSE_0602,6.39,43,53,100,85,66,14,1018,30,2.7,78,13,3,3,6,78,DataEngineering,2024,0
CSE_0603,5.89,13,94,32,79,10,3,2310,44,1.8,16,2,1,0,6,31,FullStack,2019,51.26
CSE_0604,5.44,77,88,23,40,42,62,1260,8,2.8,66,4,11,5,3,81,Cybersecurity,2020,0
CSE_0605,5.6,1,76,10,50,16,39,1462,31,2.6,73,13,0,5,1,77,FullStack,2021,16.2
CSE_0606,7.3,36,69,16,70,95,8,1434,32,2.7,46,2,7,2,4,64,DevOps,2023,10.07
CSE_0607,6.03,68,43,67,77,3,8,1967,66,3.3,55,10,3,3,2,60,Cybersecurity,2020,15.14
CSE_0608,6.82,37,72,46,28,62,25,1789,29,3.1,22,9,4,5,8,19,DevOps,2022,9.38
CSE_0609,7.52,40,44,24,82,67,3,988,75,1.6,17,10,5,3,5,73,DataEngineering,2020,6.45
CSE_0610,8.45,61,99,93,18,80,80,1054,28,1.3,0,6,7,2,0,9,AI_ML,2022,10.46
CSE_0611,5.2,59,55,72,65,40,15,867,2,3.9,34,12,10,5,2,87,DevOps,2023,0
CSE_0612,9,13,83,20,40,82,14,1415,89,3.2,63,0,7,0,3,33,DataEngineering,2019,26.21
CSE_0613,8.14,88,81,83,44,4,98,1135,56,2.4,57,8,6,1,8,60,FullStack,2023,0
CSE_0614,5.41,83,56,82,14,31,51,1470,29,4.2,94,8,3,3,5,91,DevOps,2021,0
CSE_0615,9.37,1,20,82,2,85,68,1620,8,2.6,58,4,5,5,3,26,DataEngineering,2018,35.13
CSE_0616,9.6,69,67,11,10,69,4,1673,25,4.2,0,8,3,5,0,39,AI_ML,2019,0
CSE_0617,5.31,16,49,36,52,34,19,2232,1,2.2,2,9,6,2,7,64,DevOps,2019,22.48
CSE_0618,6.38,88,32,41,45,21,78,1099,61,1.3,66,12,11,0,1,32,DataEngineering,2018,5.7
CSE_0619,9.03,27,90,16,29,64,17,1156,2,4.7,36,14,12,4,7,67,DevOps,2020,0
CSE_0620,8.74,65,6,100,56,83,1,1055,45,2.6,82,5,11,5,5,70,AI_ML,2023,0
CSE_0621,5.92,34,69,47,17,21,92,1807,67,4.2,28,14,12,1,7,8,DevOps,2020,0
CSE_0622,6.05,100,14,27,50,10,12,1152,24,2.1,88,4,12,2,5,15,DevOps,2020,17.73
CSE_0623,6.85,4,81,40,47,76,3,2344,50,3.6,32,12,10,5,4,4,DataEngineering,2023,0
CSE_0624,7.42,64,31,98,65,2,41,1323,12,4.5,99,2,0,5,4,97,Cybersecurity,2021,23
CSE_0625,8.09,39,74,46,95,8,73,1749,43,1.2,60,10,4,2,7,22,DevOps,2019,21.53
CSE_0626,6.84,75,19,17,7,59,60,1555,34,4.3,92,10,9,2,6,42,Cybersecurity,2022,0
CSE_0627,7.31,55,87,77,21,75,94,1083,54,3.3,89,7,11,3,7,88,FullStack,2018,0
CSE_0628,8.74,35,14,98,5,86,7,2135,86,3.4,3,15,9,5,7,56,DevOps,2019,0
CSE_0629,5.18,44,47,70,75,13,66,898,8,3.1,13,3,3,4,6,50,Cybersecurity,2020,35.23
CSE_0630,6.26,22,70,12,56,96,62,996,1,4.5,90,15,10,1,1,12,FullStack,2018,0
CSE_0631,8.57,46,20,81,35,17,8,1281,60,1.2,32,9,6,0,8,23,DataEngineering,2022,23.65
CSE_0632,9.48,30,41,100,78,72,93,1677,40,2,21,12,12,0,6,10,DevOps,2019,0
CSE_0633,7.56,10,25,12,91,22,10,2049,43,4.5,47,14,8,4,5,51,DataEngineering,2019,1.77
CSE_0634,7.66,9,13,99,56,73,98,1414,63,4,2,12,4,2,8,16,FullStack,2021,16.27
CSE_0635,5.54,66,56,30,48,82,100,1417,30,1.1,86,2,3,2,0,36,DataEngineering,2019,40.16
CSE_0636,7.24,13,36,1,44,46,41,2188,46,3.1,84,12,8,2,1,12,DataEngineering,2019,9.63
CSE_0637,7.66,79,57,15,81,68,12,1167,1,3.1,22,5,4,5,0,61,AI_ML,2022,4.79
CSE_0638,6.21,73,20,8,65,46,35,1369,95,2.6,67,7,8,2,2,90,FullStack,2022,0
CSE_0639,6.35,92,81,72,76,86,12,1389,81,2.2,20,12,7,2,4,83,DataEngineering,2018,0
CSE_0640,6.89,9,68,37,44,29,11,1898,76,3.7,100,14,3,5,0,96,Cybersecurity,2020,0
CSE_0641,5.1,75,2,74,78,24,36,1865,68,1.8,42,8,10,5,3,95,FullStack,2022,4.88
CSE_0642,6.61,93,86,53,19,27,73,1221,57,4.2,94,13,10,4,7,7,AI_ML,2018,0
CSE_0643,6.06,0,89,55,63,97,72,1635,43,4.2,84,5,6,3,5,55,DevOps,2019,16.24
CSE_0644,6.64,4,36,85,92,24,51,2004,73,2.7,25,4,4,5,0,92,DataEngineering,2018,44.7
CSE_0645,5.6,19,87,96,92,73,70,1344,55,2.1,40,11,9,1,0,82,Cybersecurity,2018,0
CSE_0646,9.45,7,48,99,66,77,1,870,42,2.1,98,10,3,2,2,69,AI_ML,2018,11.88
CSE_0647,7.97,42,18,86,82,57,55,2391,88,2.9,37,1,4,3,7,43,FullStack,2023,32.85
CSE_0648,8.4,75,88,44,2,93,59,1928,33,3.9,87,1,4,0,7,59,DataEngineering,2018,11.42
CSE_0649,8.95,0,84,33,53,40,22,2023,100,2.4,10,8,10,4,2,40,AI_ML,2022,2.18
CSE_0650,7.49,56,11,8,77,24,39,1924,29,3.4,28,1,8,3,6,20,AI_ML,2024,28.4
CSE_0651,5.43,63,60,87,63,77,63,1567,70,2.5,59,1,11,5,2,85,Cybersecurity,2024,1.15
CSE_0652,7.69,83,40,7,39,98,84,1106,69,2.2,66,2,8,2,3,41,DevOps,2024,6.88
CSE_0653,7.93,27,32,6,58,47,22,1176,54,1.1,64,15,5,2,8,73,DevOps,2024,0
CSE_0654,8.73,36,49,35,54,97,28,1454,66,1,60,2,3,2,3,73,DevOps,2023,22
CSE_0655,7.16,46,67,17,61,9,77,1477,12,1.9,18,3,1,3,2,28,FullStack,2020,36.1
CSE_0656,5.64,100,70,2,3,98,89,1198,2,2.6,45,6,2,2,4,79,AI_ML,2018,7.83
CSE_0657,6.42,75,85,27,59,74,50,1020,25,4.4,48,8,1,5,6,64,FullStack,2021,2.42
CSE_0658,6.82,36,32,69,74,10,68,981,56,4.2,21,1,4,3,4,16,AI_ML,2024,37.54
CSE_0659,8.23,48,80,43,94,84,94,1106,23,2.1,77,3,5,2,3,29,Cybersecurity,2019,24.87
CSE_0660,7.85,43,23,20,95,20,88,1321,52,2,56,8,10,0,7,25,Cybersecurity,2024,7.1
CSE_0661,6.78,55,60,27,90,85,30,2219,69,1.9,13,13,4,0,3,52,FullStack,2024,0
CSE_0662,9.93,27,60,53,29,44,49,1813,42,2.4,43,1,1,1,1,18,FullStack,2019,38.77
CSE_0663,8.03,78,97,53,1,6,19,803,59,3,15,9,11,2,5,52,Cybersecurity,2023,0
CSE_0664,6.19,5,27,64,61,80,54,1662,57,2.8,96,10,4,2,1,84,DataEngineering,2019,20.44
CSE_0665,5.51,60,57,99,48,63,80,1647,48,1.9,76,12,8,3,2,16,DevOps,2019,8.89
CSE_0666,5.76,19,42,20,8,63,1,1603,41,1.5,11,0,3,3,0,45,DevOps,2023,51.92
CSE_0667,6.23,77,40,98,91,1,24,2104,75,1.1,54,9,11,2,4,84,Cybersecurity,2019,6.01
CSE_0668,5.8,1,38,12,30,75,12,1014,99,1.6,50,7,9,1,8,52,DevOps,2018,26.73
CSE_0669,5.93,72,85,56,97,41,91,1771,65,3.8,38,8,1,2,1,63,DataEngineering,2024,3.86
CSE_0670,6.43,36,48,48,60,81,69,2243,10,2,32,6,2,5,6,44,DataEngineering,2020,30.08
CSE_0671,5.87,19,16,53,78,53,66,900,97,2.9,32,7,2,3,4,48,AI_ML,2023,26.54
CSE_0672,9.48,25,97,9,47,74,57,1762,89,3.4,28,3,8,2,1,18,FullStack,2021,5.24
CSE_0673,5.4,28,69,52,24,15,98,2344,17,4.5,68,15,3,3,7,70,DevOps,2023,0
CSE_0674,7.62,0,69,43,35,17,81,1372,84,4.6,69,3,0,2,5,80,DataEngineering,2022,35.09
CSE_0675,7.05,34,97,46,7,98,74,2132,99,4,30,12,0,4,3,64,FullStack,2021,0
CSE_0676,9.91,69,64,52,72,58,83,1457,51,1.1,79,1,6,3,3,36,FullStack,2022,15.01
CSE_0677,5.56,100,73,73,57,89,63,1738,45,3.3,30,7,6,1,1,69,AI_ML,2023,0
CSE_0678,6.99,58,84,45,100,15,68,2333,43,4.1,88,14,1,4,2,25,FullStack,2022,0
CSE_0679,9.85,68,4,12,44,5,82,1886,21,1.1,45,10,8,5,6,1,FullStack,2021,9.98
CSE_0680,9.33,32,1,36,61,56,85,1025,52,3.2,96,1,8,2,2,58,Cybersecurity,2018,25.06
CSE_0681,9.09,50,21,23,38,46,58,904,58,4.4,76,8,4,5,4,95,AI_ML,2023,0
CSE_0682,6.29,77,56,1,95,47,59,1571,93,2.9,51,13,2,3,5,4,AI_ML,2023,3.5
CSE_0683,5.85,11,65,85,57,41,82,2248,29,1,9,3,2,4,5,36,DevOps,2019,46.89
CSE_0684,8.34,19,73,80,80,75,61,2078,7,1,87,0,11,5,3,30,FullStack,2023,18.8
CSE_0685,9.65,52,97,99,98,59,15,1228,97,2.7,73,12,2,1,5,75,DevOps,2024,0
CSE_0686,7.78,87,15,13,100,76,87,1233,56,1.6,40,3,5,3,2,98,DataEngineering,2024,8.44
CSE_0687,7.86,42,50,9,82,3,67,2030,72,3.7,94,2,3,4,6,93,FullStack,2023,20.11
CSE_0688,6.4,97,38,34,63,1,14,1851,19,3.8,76,11,7,5,6,47,DataEngineering,2018,0
CSE_0689,8.85,88,85,24,43,89,88,1481,24,1.7,2,5,12,4,3,5,Cybersecurity,2019,0
CSE_0690,5.94,49,75,2,28,58,54,2159,18,4.6,58,15,10,4,1,14,FullStack,2020,0
CSE_0691,6.62,28,87,16,58,26,34,1387,4,2.8,51,6,12,5,6,14,DevOps,2022,4.57
CSE_0692,7.13,56,39,11,70,26,54,1892,74,1.6,33,7,10,0,2,60,DevOps,2021,9.23
CSE_0693,7.54,38,37,53,91,78,13,1665,78,4.1,48,1,10,2,0,15,FullStack,2020,19.85
CSE_0694,6.21,94,59,23,8,71,48,1545,71,4.2,27,5,4,3,1,19,DevOps,2019,5.34
CSE_0695,5.57,55,58,28,91,6,82,2336,82,3.6,82,14,0,3,8,76,FullStack,2024,0
CSE_0696,8.05,42,9,42,5,62,99,1990,86,4.4,86,5,8,3,7,43,AI_ML,2024,1.77
CSE_0697,6.44,49,98,24,28,45,6,1663,26,3.9,95,9,0,4,5,41,DevOps,2024,6.78
CSE_0698,7.91,22,63,99,57,62,29,1167,39,4.5,12,11,5,5,5,45,FullStack,2018,0
CSE_0699,5.77,43,62,59,16,11,82,1050,95,2.7,96,4,0,2,0,94,FullStack,2024,27.13
CSE_0700,7.41,37,48,89,15,12,48,1658,25,4,97,9,2,1,1,33,DevOps,2021,16.14
CSE_0701,7.66,83,63,64,86,42,88,1655,26,5,96,9,9,3,3,63,AI_ML,2022,0
CSE_0702,5.26,22,31,83,94,16,15,1993,61,3.9,68,6,4,5,2,28,DevOps,2023,29.16
CSE_0703,6.68,44,6,27,2,62,50,1913,82,1.5,66,2,9,2,0,2,FullStack,2023,29.52
CSE_0704,5.67,51,20,15,20,80,71,1360,49,3.1,60,15,6,2,7,8,AI_ML,2020,1.15
CSE_0705,5.32,79,19,46,63,35,81,2269,41,3.3,59,3,9,0,6,74,DataEngineering,2022,13.76
CSE_0706,9.95,49,25,80,89,84,91,1093,28,1.7,70,9,7,5,3,74,Cybersecurity,2019,5.38
CSE_0707,6.61,7,67,91,35,7,79,1718,38,4.9,23,12,11,3,8,24,DevOps,2022,0
CSE_0708,9.05,84,85,57,100,68,82,1973,59,1.7,62,8,8,4,3,85,FullStack,2018,0
CSE_0709,6.27,0,14,75,85,89,41,1955,40,1.7,85,3,5,2,0,41,AI_ML,2020,38.53
CSE_0710,8.41,7,84,26,61,79,16,1232,32,4.7,60,2,10,2,0,45,AI_ML,2020,5.48
CSE_0711,8.8,28,78,52,41,35,62,858,82,2.9,22,13,8,1,0,72,DataEngineering,2018,0
CSE_0712,7.98,95,85,41,75,27,44,1768,100,1.3,29,1,7,0,0,83,DevOps,2022,10.76
CSE_0713,7.36,4,91,58,41,92,76,1635,82,3.4,59,4,8,2,3,58,AI_ML,2024,6.86
CSE_0714,7.06,85,13,46,60,46,6,998,96,3.4,17,3,9,2,0,20,DataEngineering,2018,18.87
CSE_0715,6.74,46,26,93,12,75,26,1014,15,1.3,95,12,3,4,1,73,FullStack,2024,1.6
CSE_0716,9.65,33,39,33,10,100,9,1697,22,4.9,55,12,8,4,3,21,DataEngineering,2021,0
CSE_0717,9.15,64,57,36,53,29,33,2384,6,3.2,52,7,6,1,6,28,DevOps,2018,8.35
CSE_0718,9.83,54,27,5,15,22,35,1271,25,3.2,6,6,4,5,1,62,DataEngineering,2024,11.21
CSE_0719,5.62,89,25,6,7,15,24,1046,95,3.1,96,5,4,1,7,72,AI_ML,2022,21.82
CSE_0720,8.65,42,62,95,58,13,5,1181,11,3.4,68,10,0,1,6,60,AI_ML,2024,4.45
CSE_0721,9.69,73,65,95,56,73,23,1790,71,2.1,91,15,1,4,8,63,Cybersecurity,2018,0
CSE_0722,5.91,29,24,24,39,70,17,2062,4,2.1,71,11,9,5,5,68,DataEngineering,2019,1.8
CSE_0723,5.33,81,2,32,58,51,86,1726,91,3,78,1,2,4,3,39,FullStack,2023,36.33
CSE_0724,8.71,16,71,54,1,36,5,2190,68,4.2,51,2,7,0,5,74,DevOps,2018,18.46
CSE_0725,7.87,25,43,57,93,28,28,1991,48,1.2,3,9,5,3,3,0,Cybersecurity,2023,24.4
CSE_0726,9.21,7,96,6,93,66,24,1359,25,3.4,33,8,11,3,6,64,DataEngineering,2018,0
CSE_0727,5.7,46,41,56,75,14,54,1874,4,4.2,68,12,9,0,8,61,FullStack,2022,0
CSE_0728,8.98,75,98,11,9,99,80,1488,21,1.6,32,8,10,3,2,53,Cybersecurity,2021,0
CSE_0729,6.01,90,5,15,43,46,45,1179,78,1.1,68,14,12,5,2,59,AI_ML,2021,0
CSE_0730,5.82,71,38,79,10,45,23,1273,12,2.3,37,4,4,4,1,45,DevOps,2023,16.76
CSE_0731,5.82,88,51,42,78,51,74,1903,27,3.4,97,13,12,3,0,4,DataEngineering,2022,0
CSE_0732,9.07,45,22,99,79,18,25,1496,32,1.6,25,2,0,5,0,21,FullStack,2024,45.14
CSE_0733,8.33,67,88,76,80,76,97,2190,22,2.7,0,1,11,4,2,89,AI_ML,2022,0
CSE_0734,7.62,32,49,6,89,20,27,2284,96,3.2,3,7,10,5,6,52,Cybersecurity,2022,0
CSE_0735,6.79,0,42,99,1,63,2,1710,17,3.4,38,14,11,0,8,69,DevOps,2019,0
CSE_0736,9.39,18,18,50,49,36,74,2362,29,2.1,53,5,8,1,1,31,Cybersecurity,2020,26.19
CSE_0737,6.96,30,68,72,11,26,37,2275,25,2.6,89,9,2,0,6,10,Cybersecurity,2018,24.98
CSE_0738,9.08,79,50,31,89,54,60,2287,15,4.1,32,10,2,3,0,9,FullStack,2022,0
CSE_0739,7.2,13,10,74,22,28,77,1759,76,4.8,32,11,1,4,1,38,AI_ML,2022,16.55
CSE_0740,6.88,52,11,7,17,19,50,1277,38,4.4,71,6,3,5,5,97,DataEngineering,2022,10.54
CSE_0741,7.31,47,73,96,61,24,89,1803,32,3.3,19,0,11,3,4,30,FullStack,2021,20.87
CSE_0742,6.51,68,7,86,95,69,47,1725,25,2.6,15,0,1,3,7,11,DevOps,2022,42.06
CSE_0743,8.74,89,23,88,61,62,20,2243,47,2.3,20,15,12,1,1,79,Cybersecurity,2018,0
CSE_0744,7.51,61,91,71,37,35,53,1506,64,1.5,44,9,8,3,0,37,DevOps,2024,0
CSE_0745,6.16,91,40,44,66,1,55,2037,37,1.4,89,1,11,1,6,66,FullStack,2024,14.27
CSE_0746,9.5,65,35,85,37,21,93,2192,1,3.8,86,9,9,4,5,65,FullStack,2022,0
CSE_0747,6.92,63,100,58,66,95,58,1653,5,2,81,14,6,4,7,51,DataEngineering,2018,0
CSE_0748,7.72,69,84,3,93,15,71,1937,45,2,61,2,7,5,7,4,Cybersecurity,2019,27.8
CSE_0749,9.53,62,71,66,60,17,50,1816,49,5,30,11,2,1,1,10,FullStack,2024,0
CSE_0750,8.12,72,54,28,0,68,19,1553,37,1.8,41,0,5,0,7,24,DevOps,2020,27.47
CSE_0751,5.58,32,8,28,93,53,95,1302,87,1.6,11,13,9,4,5,34,DataEngineering,2021,6.28
CSE_0752,9.7,40,46,97,44,99,85,1616,17,1.4,64,4,5,5,8,34,DevOps,2018,26
CSE_0753,8.14,88,14,97,95,29,58,1387,26,3.3,72,14,12,0,6,21,Cybersecurity,2024,0
CSE_0754,6.67,47,47,27,27,44,70,2134,40,3.5,2,14,0,4,1,36,DataEngineering,2024,0
CSE_0755,5.7,12,81,76,20,18,8,2292,71,2.5,89,2,5,4,7,85,DataEngineering,2023,31.29
CSE_0756,8.97,72,41,78,12,86,0,1507,91,3.1,8,0,12,5,8,54,DataEngineering,2019,6.13
CSE_0757,8.1,76,59,86,26,33,28,1867,73,4.2,50,7,2,5,6,74,AI_ML,2020,5.96
CSE_0758,7.67,30,83,43,99,12,62,2238,16,4.3,15,11,10,2,3,95,DataEngineering,2020,0
CSE_0759,9.47,74,69,89,6,42,71,2069,61,4.8,87,10,2,3,8,98,DevOps,2020,0
CSE_0760,8.94,67,11,3,21,61,55,1907,28,4.3,77,5,2,3,3,94,DevOps,2018,12.04
CSE_0761,5.76,97,1,89,73,92,67,1006,57,3.3,2,8,9,0,3,71,Cybersecurity,2019,0
CSE_0762,6.56,3,6,8,52,99,34,950,69,1.7,97,2,10,3,8,63,FullStack,2022,33.05
CSE_0763,6.24,18,79,4,78,21,2,1467,77,1.4,96,8,10,0,7,19,FullStack,2023,12.34
CSE_0764,8.72,69,2,55,78,51,6,1327,21,1.2,23,8,9,4,3,97,AI_ML,2019,5.04
CSE_0765,5.17,97,2,95,3,51,26,964,5,3.7,72,15,10,2,7,3,DataEngineering,2019,0
CSE_0766,7.85,81,26,83,95,35,0,1716,25,4.2,12,14,7,2,7,17,AI_ML,2024,0
CSE_0767,8.81,12,39,49,22,72,90,1968,38,3,1,11,12,4,6,50,Cybersecurity,2019,0
CSE_0768,9.38,22,32,74,69,18,79,1809,11,1.2,70,14,4,5,5,67,Cybersecurity,2018,11.23
CSE_0769,6.71,82,91,14,87,37,70,836,98,3.1,20,12,3,1,7,19,FullStack,2023,0
CSE_0770,9.11,74,0,31,83,69,43,1132,13,4.7,18,11,12,1,6,8,Cybersecurity,2018,0
CSE_0771,5.55,0,7,27,100,78,86,1202,21,3.4,88,0,8,3,4,79,DataEngineering,2023,35.14
CSE_0772,9.23,87,100,21,83,56,40,1213,50,4.2,46,2,8,5,3,25,DevOps,2023,0
CSE_0773,5.64,53,31,16,75,19,74,844,22,4.2,21,5,0,0,1,24,Cybersecurity,2024,28.76
CSE_0774,6.99,70,47,58,32,8,41,2225,47,4.7,74,7,1,2,7,67,AI_ML,2018,17.14
CSE_0775,8.99,88,100,89,27,31,32,1005,70,4.1,32,3,7,3,8,40,DataEngineering,2023,0
CSE_0776,5.75,84,3,70,7,3,49,861,49,4,31,4,4,4,3,58,Cybersecurity,2019,23.64
CSE_0777,6.15,14,93,56,0,49,62,1219,88,1.9,63,8,6,5,3,44,Cybersecurity,2018,19.42
CSE_0778,8.61,64,69,25,36,81,99,1667,12,1.2,84,5,0,2,4,40,DataEngineering,2023,16.81
CSE_0779,8.6,75,18,24,62,4,36,2291,84,3.1,38,11,11,0,1,37,Cybersecurity,2020,0
CSE_0780,8.21,70,31,9,21,19,58,1619,9,1.5,83,6,9,0,6,18,DevOps,2018,23.8
CSE_0781,8.47,14,8,44,69,86,80,818,54,4.8,71,6,11,1,4,13,FullStack,2024,2.47
CSE_0782,7.71,20,11,82,20,74,98,1164,8,2.2,41,3,4,3,5,20,DataEngineering,2021,38.54
CSE_0783,6.26,18,10,10,95,36,47,2123,78,4.4,100,3,10,4,3,14,AI_ML,2018,31.13
CSE_0784,6.73,59,45,76,34,21,4,1830,51,2.6,8,3,11,2,7,2,Cybersecurity,2018,23
CSE_0785,5.91,92,15,52,78,57,47,1227,1,2.3,24,13,2,0,7,36,FullStack,2018,10.21
CSE_0786,9.54,88,0,71,4,67,95,1940,24,4.7,88,14,9,2,4,45,AI_ML,2023,0
CSE_0787,7.92,32,62,67,59,92,2,1379,12,2.5,96,10,11,4,5,15,AI_ML,2018,2.7
CSE_0788,7,48,20,94,45,43,46,2330,97,2.6,1,4,11,2,2,13,DevOps,2021,23.66
CSE_0789,7.31,95,29,27,49,33,61,1345,50,1.4,18,4,1,3,0,8,FullStack,2022,36.77
CSE_0790,9.74,34,12,74,47,76,98,1124,57,3.7,19,7,1,1,8,6,DataEngineering,2018,25.54
CSE_0791,5.77,43,33,64,5,41,13,854,33,2.2,92,8,8,2,8,13,FullStack,2020,20.43
CSE_0792,7.93,89,3,48,88,8,62,1577,34,3.3,69,1,12,5,2,5,FullStack,2021,21.89
CSE_0793,7.53,10,27,46,55,94,60,1791,2,3.4,16,10,3,1,3,84,AI_ML,2022,8.6
CSE_0794,8.06,98,94,51,58,6,30,841,58,3.9,88,6,3,4,6,14,DevOps,2023,0
CSE_0795,5.09,71,58,87,28,67,94,2120,69,4,67,0,6,1,1,51,DevOps,2018,26.79
CSE_0796,9.36,77,26,53,70,18,16,1030,47,3.1,93,15,9,2,2,71,FullStack,2022,0
CSE_0797,9.66,73,68,59,76,93,23,1252,63,2.3,83,0,9,2,5,33,FullStack,2020,10.97
CSE_0798,7.83,65,24,56,17,30,22,1193,18,4.3,2,3,12,5,7,0,Cybersecurity,2021,15.31
CSE_0799,8.48,45,2,46,1,34,81,2345,66,2.2,86,9,1,0,0,95,AI_ML,2021,21.66
CSE_0800,9.61,8,96,30,7,56,49,2181,81,3,50,6,2,5,3,68,DataEngineering,2023,14.46
CSE_0801,8.54,2,67,45,74,84,77,2267,72,2.6,81,1,2,2,0,93,DataEngineering,2023,22.52
CSE_0802,5.76,84,24,25,96,60,78,1951,75,4.4,25,10,5,1,1,85,DevOps,2023,0
CSE_0803,7.88,25,19,4,53,30,78,1490,4,2.7,55,1,2,5,7,19,AI_ML,2022,45.55
CSE_0804,8.03,71,33,83,37,82,69,2228,66,2.5,99,0,10,5,5,79,DevOps,2018,14.3
CSE_0805,7.12,47,25,51,47,94,26,1191,10,3.8,63,9,4,0,8,6,DataEngineering,2019,15.76
CSE_0806,8.68,65,4,74,26,52,14,2016,93,3.4,7,1,3,2,1,6,FullStack,2021,40.17
CSE_0807,9.67,69,98,53,19,31,49,1403,67,1.4,80,12,2,2,2,49,AI_ML,2019,0
CSE_0808,9.63,27,60,32,11,65,35,1680,68,3,94,14,7,4,8,1,AI_ML,2024,0
CSE_0809,7.25,92,91,49,42,58,7,1901,0,3.9,36,6,9,0,8,46,Cybersecurity,2021,0
CSE_0810,5.57,25,92,37,60,9,78,884,90,5,96,8,2,4,5,13,FullStack,2023,12.23
CSE_0811,9.92,24,8,26,30,1,2,1853,91,3.5,26,5,5,4,2,30,FullStack,2018,35.24
CSE_0812,9.19,11,49,97,90,65,61,848,62,2.5,44,9,12,4,4,49,DevOps,2018,1.45
CSE_0813,5.62,4,5,14,95,59,46,1968,28,1.9,3,1,6,3,1,60,AI_ML,2021,46.87
CSE_0814,9.6,97,82,95,60,87,76,868,81,4.5,85,11,6,4,6,40,DevOps,2022,0
CSE_0815,9.35,47,59,60,73,16,97,1881,11,4.3,89,14,1,5,7,13,FullStack,2024,0
CSE_0816,7.59,36,43,20,66,95,87,1496,76,1.9,95,9,2,1,5,4,Cybersecurity,2023,17.51
CSE_0817,7.96,78,10,45,90,15,95,2397,40,1.8,87,14,11,5,7,74,AI_ML,2018,0
CSE_0818,7,43,65,68,34,15,60,1278,1,3.9,98,9,9,5,1,4,FullStack,2024,1.89
CSE_0819,5.27,99,46,5,94,45,31,1619,36,2.3,36,12,9,2,2,63,Cybersecurity,2024,0
CSE_0820,6.68,14,72,37,14,38,93,2268,44,2.2,95,8,3,3,6,28,DataEngineering,2018,28.54
CSE_0821,9.01,42,84,61,15,30,12,2119,79,1.6,70,6,6,4,0,74,FullStack,2020,11.35
CSE_0822,5.02,47,87,85,12,87,0,1994,47,2.1,32,10,1,2,6,4,DataEngineering,2024,16.08
CSE_0823,6.67,86,97,61,34,0,33,2398,23,2.7,30,0,2,0,5,95,DevOps,2018,29.54
CSE_0824,6.99,69,85,81,74,10,61,946,98,3.9,54,11,6,0,7,35,DataEngineering,2020,0.45
CSE_0825,7.69,45,2,77,58,84,78,2307,21,2.3,11,8,6,2,6,78,FullStack,2018,18.44
CSE_0826,9.6,42,75,73,20,3,77,2129,99,2.3,10,1,9,1,3,18,DataEngineering,2018,29.02
CSE_0827,6.73,20,91,45,53,70,92,1815,10,2.1,87,3,2,2,2,63,AI_ML,2024,26.92
CSE_0828,6.73,22,29,12,74,25,97,1408,57,2.9,71,8,11,2,2,21,FullStack,2022,13.07
CSE_0829,8.69,79,89,94,29,49,81,1245,45,1.7,31,15,0,3,3,33,Cybersecurity,2022,0
CSE_0830,7.26,46,20,93,47,11,70,1020,28,2.9,56,3,11,0,8,55,DataEngineering,2023,13.53
CSE_0831,6.12,14,27,2,34,94,92,2378,34,3.8,37,15,2,0,8,16,AI_ML,2018,13.8
CSE_0832,7.26,24,89,93,85,80,30,2201,14,1.1,59,2,4,4,1,75,DevOps,2023,21.76
CSE_0833,5.7,35,61,5,37,96,63,2089,59,1,85,0,6,5,4,88,DevOps,2023,25.63
CSE_0834,5.88,74,32,92,30,74,24,894,94,1.3,97,6,3,2,0,55,DataEngineering,2023,20.69
CSE_0835,7.49,50,84,7,77,91,37,1061,41,3.1,18,14,12,2,3,16,DevOps,2023,0
CSE_0836,7.09,14,34,43,23,95,13,1696,42,4.4,83,5,12,1,1,73,Cybersecurity,2021,0.05
CSE_0837,9.57,67,51,32,48,64,7,1894,79,1,55,9,10,0,7,91,FullStack,2024,0
CSE_0838,6.81,20,33,80,95,46,90,1018,73,4.7,13,15,10,1,3,81,AI_ML,2024,0
CSE_0839,7.9,12,40,74,99,91,53,2356,48,1.4,32,3,0,3,4,17,DataEngineering,2021,49.24
CSE_0840,8.16,85,50,76,31,52,1,891,63,4.4,9,5,5,4,3,44,DevOps,2018,6.27
CSE_0841,5.07,18,46,49,54,70,80,926,31,2.9,79,5,1,1,4,95,FullStack,2021,28.63
CSE_0842,8.32,33,81,10,78,1,100,879,63,3.6,63,12,11,0,4,77,Cybersecurity,2018,0
CSE_0843,5.89,77,57,94,57,23,77,2061,1,3,63,15,2,3,4,55,DevOps,2022,0
CSE_0844,9.81,67,74,27,98,3,88,1782,23,2.9,61,3,3,2,2,79,DevOps,2024,12.16
CSE_0845,5.74,51,56,69,2,18,55,2195,86,4.3,67,13,5,3,6,49,AI_ML,2019,0
CSE_0846,7.07,26,22,40,79,25,93,1715,65,4,90,12,5,5,2,57,Cybersecurity,2020,2.16
CSE_0847,5.43,28,47,15,68,74,92,1285,37,2.9,91,5,6,1,1,17,Cybersecurity,2024,23.54
CSE_0848,9.98,27,21,67,84,39,83,1493,30,1.4,42,9,4,0,2,79,DataEngineering,2021,15.4
CSE_0849,7.51,34,16,98,9,49,84,824,25,1.5,79,10,6,1,2,80,AI_ML,2021,12.55
CSE_0850,7.98,7,68,47,82,42,60,955,28,4.2,58,7,1,2,7,6,DataEngineering,2022,30.2
CSE_0851,5.34,15,10,55,24,74,21,2340,66,3.1,51,12,0,2,3,75,AI_ML,2021,17.42
CSE_0852,8.75,35,93,63,67,66,34,1431,77,2.9,96,2,11,0,2,97,Cybersecurity,2018,5.67
CSE_0853,6.05,29,14,58,60,11,100,2353,24,3.7,18,3,9,5,4,9,AI_ML,2018,35.43
CSE_0854,9.49,17,90,89,28,66,15,1880,47,4.4,20,9,7,4,3,68,AI_ML,2019,0
CSE_0855,6.03,1,34,61,18,26,49,818,64,3.5,21,12,0,3,8,84,AI_ML,2019,24.19
CSE_0856,5.95,48,32,75,42,53,42,2207,52,4.1,8,11,11,3,7,2,FullStack,2024,0
CSE_0857,5.18,76,83,10,65,65,16,2016,66,4.1,8,13,1,2,6,82,FullStack,2019,0
CSE_0858,7.36,3,15,100,73,48,79,1036,89,2.4,72,14,10,1,7,43,Cybersecurity,2018,12.33
CSE_0859,7.82,89,33,88,60,15,57,2210,17,2.1,26,0,11,1,4,98,AI_ML,2023,12.88
CSE_0860,5.33,88,65,17,42,1,1,2249,8,4.2,16,3,9,5,3,69,Cybersecurity,2023,3.55
CSE_0861,8.88,93,98,18,24,59,3,1076,37,2.5,43,10,5,4,6,13,FullStack,2019,0
CSE_0862,7.27,74,39,86,19,53,84,2050,86,4.6,44,9,0,1,0,3,AI_ML,2019,17.38
CSE_0863,7.62,6,27,54,47,29,38,1544,20,1.3,7,9,9,3,5,17,DataEngineering,2018,29.67
CSE_0864,7.2,94,46,81,82,83,97,1351,64,1.2,79,11,2,1,7,92,FullStack,2022,0
CSE_0865,7,73,38,25,86,37,93,2146,20,4.7,17,13,6,4,6,98,FullStack,2024,0
CSE_0866,7.8,38,69,5,23,27,5,1976,26,3.6,32,8,11,3,1,51,FullStack,2021,0
CSE_0867,5.78,12,72,3,10,24,80,1438,69,2.5,0,7,7,1,6,37,AI_ML,2024,13.89
CSE_0868,5.91,30,19,28,97,95,88,1036,43,4,75,10,3,3,5,79,DevOps,2020,9.94
CSE_0869,9.31,70,0,58,54,9,68,1797,99,3.7,5,3,11,2,4,19,DataEngineering,2023,12.32
CSE_0870,9.73,62,71,97,27,59,68,854,27,3.1,40,11,2,2,3,87,DataEngineering,2023,0
CSE_0871,6.87,55,86,16,68,41,19,2259,44,1.4,54,6,0,5,0,98,Cybersecurity,2018,28.66
CSE_0872,6.35,41,62,42,62,39,63,1483,16,4.2,4,9,11,2,1,43,AI_ML,2024,0
CSE_0873,8.22,60,66,79,58,96,15,908,39,4.5,58,2,8,1,6,50,FullStack,2018,0
CSE_0874,7.04,41,3,65,4,76,50,2007,2,1.7,79,8,9,4,2,18,DevOps,2020,18.45
CSE_0875,5.13,55,57,33,50,41,36,2191,75,4.4,17,9,5,3,4,67,AI_ML,2024,0
CSE_0876,5.78,35,24,7,20,46,72,2021,75,4.5,48,3,5,0,7,96,AI_ML,2020,17.56
CSE_0877,8.58,83,46,12,11,36,68,2194,65,3.2,81,1,8,2,7,65,DevOps,2019,16.07
CSE_0878,8.29,67,37,7,49,79,41,1172,45,3.6,64,9,0,2,5,12,FullStack,2024,5.88
CSE_0879,5.14,6,14,93,3,21,56,1772,85,2.5,82,4,5,0,4,61,AI_ML,2020,46.18
CSE_0880,6.11,53,62,95,41,56,65,2320,86,2.1,53,1,11,0,1,60,DataEngineering,2021,14.16
CSE_0881,6.16,0,20,99,83,83,8,1000,29,3.9,60,13,4,1,8,29,DataEngineering,2021,10.37
CSE_0882,8.36,43,98,93,37,26,99,1648,68,4.4,7,9,12,3,0,97,DevOps,2023,0
CSE_0883,5.1,44,56,64,24,40,85,1308,8,3.6,2,15,10,2,1,29,FullStack,2021,0
CSE_0884,5.52,46,52,42,13,79,63,2145,84,3,24,5,5,4,0,50,DevOps,2024,18.59
CSE_0885,9,12,45,38,74,33,85,1074,10,1.6,68,10,10,1,3,87,AI_ML,2021,0.64
CSE_0886,5.89,21,13,80,31,31,21,1010,68,1.2,54,9,7,1,3,47,DataEngineering,2021,26.09
CSE_0887,8.26,20,99,58,10,89,33,1303,98,2.8,39,0,4,4,4,32,Cybersecurity,2019,28.51
CSE_0888,6.19,85,75,83,60,88,54,1941,90,1.2,82,13,1,4,4,73,DevOps,2023,0
CSE_0889,5.5,91,16,87,17,65,28,1502,65,3.3,81,5,11,5,7,81,Cybersecurity,2018,0.63
CSE_0890,6.22,8,38,85,26,11,37,2377,87,2.5,49,3,11,4,2,18,Cybersecurity,2023,25.68
CSE_0891,8.61,25,8,92,54,39,96,841,30,4,94,2,1,0,5,70,DataEngineering,2023,26.02
CSE_0892,9.28,8,98,85,53,72,17,1114,32,2.2,32,1,9,2,2,56,DevOps,2023,12.51
CSE_0893,9.15,14,76,43,81,75,70,1587,38,3.4,17,6,4,5,1,18,Cybersecurity,2020,16.07
CSE_0894,6.99,9,78,8,86,89,64,1128,93,3.2,56,8,2,0,7,87,AI_ML,2018,17.9
CSE_0895,8.34,87,81,36,74,72,96,1840,45,1,15,11,9,5,0,78,FullStack,2020,0
CSE_0896,6.02,41,96,73,20,9,0,1082,36,1.3,79,2,2,2,8,40,FullStack,2019,44.77
CSE_0897,6.47,71,5,35,43,95,87,1742,91,2.2,37,15,7,5,6,41,DataEngineering,2019,0
CSE_0898,9.48,23,90,100,4,97,3,1057,59,4.5,40,5,6,0,3,86,DevOps,2022,0
CSE_0899,5.07,79,22,91,86,47,3,1374,30,1.6,6,8,0,3,2,51,DevOps,2022,25.46
CSE_0900,5.43,48,58,27,40,19,81,1373,10,3.8,77,15,11,2,5,3,FullStack,2019,0
CSE_0901,6.04,25,90,41,58,38,26,1411,86,4.9,52,1,12,1,8,3,AI_ML,2019,19.25
CSE_0902,5.13,90,97,42,88,59,42,1842,1,4.2,62,6,11,2,8,4,FullStack,2020,0
CSE_0903,5.91,36,45,84,53,65,58,2352,26,2,88,4,4,2,3,40,FullStack,2019,41.41
CSE_0904,7.92,67,37,87,73,64,31,1636,98,4.6,31,4,8,2,4,86,DevOps,2024,0
CSE_0905,7.11,49,13,41,21,50,32,1222,1,1.4,37,10,3,3,8,100,Cybersecurity,2018,17.94
CSE_0906,9.46,23,99,65,82,35,27,2289,100,2.9,21,6,0,0,1,60,AI_ML,2020,18.44
CSE_0907,9.09,18,71,54,64,23,54,2196,20,4.6,15,8,7,1,1,74,DevOps,2019,4.9
CSE_0908,6.71,99,61,71,63,26,99,1557,57,3.6,51,3,4,0,4,54,FullStack,2020,21.84
CSE_0909,6.3,59,34,47,70,1,59,1562,4,2.7,28,8,1,5,0,74,Cybersecurity,2020,25.7
CSE_0910,6.9,38,18,90,3,30,69,1904,51,2.2,15,14,11,5,7,12,AI_ML,2021,0
CSE_0911,7.95,73,29,21,64,56,61,2374,44,2.5,75,15,0,5,4,13,DataEngineering,2022,1.45
CSE_0912,6.34,88,77,100,14,77,79,2371,84,3,16,13,11,0,1,59,AI_ML,2020,0
CSE_0913,8.12,17,83,26,75,65,33,1223,92,2.3,100,12,11,4,8,71,AI_ML,2023,0
CSE_0914,7.05,18,24,92,21,28,86,1228,19,4.9,63,10,11,3,1,24,FullStack,2024,0
CSE_0915,7.76,35,39,66,85,14,87,2211,60,4.7,90,9,2,4,6,81,FullStack,2024,1.87
CSE_0916,7.18,73,87,12,46,11,55,1003,37,4.5,88,8,8,5,7,43,DataEngineering,2020,0
CSE_0917,6.47,96,13,44,80,100,12,995,19,2.7,12,12,0,3,5,81,DataEngineering,2023,0
CSE_0918,9.74,54,25,9,92,27,55,1527,24,3.8,71,3,3,0,6,9,DataEngineering,2024,18.55
CSE_0919,8.82,68,86,99,45,83,17,1084,1,4.6,55,2,7,5,0,70,DevOps,2021,0
CSE_0920,5.7,46,21,8,13,23,53,995,31,4.4,4,1,7,0,3,49,DevOps,2019,26.49
CSE_0921,9.34,48,47,53,49,20,76,1106,25,2.7,11,8,9,3,6,43,FullStack,2020,0.27
CSE_0922,7.44,98,82,26,19,9,100,813,69,1.4,40,11,11,0,0,13,FullStack,2021,0
CSE_0923,9.47,97,50,33,49,77,42,1969,40,1.3,2,1,10,0,0,14,DataEngineering,2018,17.24
CSE_0924,9,32,2,0,32,100,38,1880,66,3.3,98,5,12,1,5,15,DevOps,2021,11.89
CSE_0925,7.13,20,41,31,58,17,60,1522,96,3.6,32,4,10,4,3,1,Cybersecurity,2022,25
CSE_0926,5.11,80,18,88,42,87,41,1579,0,4.4,85,13,7,4,2,29,DevOps,2022,0
CSE_0927,6.34,21,72,92,78,13,80,2033,50,2.2,49,4,9,4,4,29,FullStack,2019,29.06
CSE_0928,7.71,47,27,70,11,33,78,1328,4,1.7,55,3,7,2,8,81,DevOps,2023,23.04
CSE_0929,8.17,36,83,66,39,57,17,1597,12,2.5,8,15,3,1,2,30,FullStack,2019,0
CSE_0930,6.29,14,44,83,19,75,22,1143,18,2.4,81,5,7,5,4,76,DataEngineering,2024,13.09
CSE_0931,5.7,34,70,19,93,21,53,2102,11,1.5,49,4,8,5,4,19,DataEngineering,2023,24.02
CSE_0932,9.17,91,77,93,37,69,29,1008,47,3.7,28,10,6,5,8,48,DataEngineering,2023,0
CSE_0933,9.92,70,62,34,2,35,97,1440,24,3,38,3,11,4,3,34,Cybersecurity,2023,1.32
CSE_0934,7.63,31,72,98,27,44,57,2158,56,3.9,90,12,1,4,0,22,Cybersecurity,2023,4.93
CSE_0935,5.86,10,18,90,55,35,67,2111,34,2.4,99,8,8,1,4,96,FullStack,2022,19.96
CSE_0936,6.36,9,46,89,89,21,66,1051,75,2.3,44,12,10,0,0,98,AI_ML,2024,0
CSE_0937,5.09,72,13,77,93,77,70,2088,93,2.9,16,5,7,4,5,99,Cybersecurity,2022,9.1
CSE_0938,9.57,77,37,16,12,79,17,1070,4,4.5,55,10,12,5,6,60,FullStack,2020,0
CSE_0939,5.59,76,52,17,76,60,6,1719,97,1.2,97,9,4,0,0,83,DevOps,2024,2.8
CSE_0940,7.88,56,60,44,65,99,39,1218,21,4.2,45,15,11,4,3,54,DataEngineering,2022,0
CSE_0941,6.37,24,35,92,36,55,69,1594,76,2.5,66,9,2,3,8,66,DataEngineering,2019,25.61
CSE_0942,7.77,1,39,83,48,88,85,2034,56,4.4,68,12,6,2,0,7,DataEngineering,2022,4.59
CSE_0943,8.26,63,80,52,65,95,64,2188,46,4.2,13,9,1,4,8,39,FullStack,2024,0
CSE_0944,9.15,34,29,90,35,32,67,1899,53,2.4,66,12,12,3,7,58,DataEngineering,2024,0
CSE_0945,6.03,6,8,81,53,44,48,2144,2,3.8,22,2,2,1,4,31,Cybersecurity,2019,50.9
CSE_0946,5.05,84,63,67,25,35,51,1524,52,1.6,93,9,11,3,5,92,DevOps,2018,0
CSE_0947,5.68,17,32,64,74,19,28,1232,83,4.6,60,5,8,1,6,6,DataEngineering,2024,21.99
CSE_0948,9.5,66,51,0,71,17,20,908,30,2.6,22,13,3,4,3,1,FullStack,2022,2.59
CSE_0949,9.37,41,88,57,39,37,89,1440,68,2.8,26,0,3,1,5,84,DevOps,2019,30.7
CSE_0950,7.99,38,13,25,42,66,77,2345,87,3.8,53,4,2,3,6,5,DataEngineering,2023,32.32
CSE_0951,8,40,74,19,21,22,8,1870,32,4.3,9,9,4,2,5,91,AI_ML,2024,0
CSE_0952,8.33,74,52,86,19,95,46,1178,71,1.9,88,5,2,0,5,35,DataEngineering,2021,18.78
CSE_0953,5.88,23,98,9,7,15,75,1919,87,3.6,76,14,8,0,1,31,Cybersecurity,2023,0
CSE_0954,9.57,59,58,58,28,58,41,1757,49,2.6,15,10,2,2,4,44,DevOps,2020,3.73
CSE_0955,7.09,45,77,74,39,68,50,902,83,2.5,40,7,1,5,2,41,Cybersecurity,2024,12.82
CSE_0956,6.92,18,93,40,89,67,55,1691,15,3.8,97,10,11,0,6,52,AI_ML,2019,0
CSE_0957,7.59,67,40,4,29,20,50,1653,75,2.5,54,14,4,4,3,8,AI_ML,2023,0.42
CSE_0958,5.23,89,67,64,80,77,69,1969,76,2.4,100,14,5,5,0,74,Cybersecurity,2022,0
CSE_0959,5.83,41,67,16,83,94,19,1850,38,4.3,60,8,0,4,5,86,DevOps,2022,1.39
CSE_0960,8.69,31,91,21,54,77,87,1329,88,1.4,85,10,11,3,5,74,AI_ML,2024,0
CSE_0961,5.41,38,7,97,15,69,26,1478,45,3.7,80,2,10,3,6,48,AI_ML,2018,27.13
CSE_0962,8.02,35,1,40,45,11,37,1788,95,2,86,1,5,5,7,1,DataEngineering,2021,51.85
CSE_0963,6.23,100,85,92,61,15,71,1905,87,1.1,99,12,9,5,2,66,FullStack,2024,0
CSE_0964,6.95,96,40,67,6,80,64,1227,46,1.7,48,3,2,5,5,10,AI_ML,2019,32.71
CSE_0965,6.44,35,54,68,79,86,53,1621,43,3.4,72,7,3,5,1,49,DevOps,2023,8.35
CSE_0966,6.78,2,15,10,44,13,23,2302,8,3.8,51,10,5,1,8,34,DevOps,2021,22.03
CSE_0967,8.6,72,92,55,58,60,46,1985,86,1.1,1,15,7,5,1,14,DataEngineering,2018,0
CSE_0968,6.49,7,61,50,55,70,70,1731,49,1.1,95,15,8,5,2,74,DevOps,2024,0
CSE_0969,7.83,96,47,20,47,45,82,2225,76,4.6,49,7,5,3,1,30,DataEngineering,2020,0
CSE_0970,7.38,69,29,98,26,31,85,2331,59,1.3,85,2,6,4,8,91,AI_ML,2021,19.31
CSE_0971,8.32,40,11,75,52,14,62,1861,95,4.6,42,3,4,3,0,61,AI_ML,2018,29.92
CSE_0972,9.68,67,34,25,86,43,56,1310,14,1.9,76,2,11,0,4,27,AI_ML,2024,11.93
CSE_0973,8.66,12,10,18,87,16,54,1192,35,4,7,9,8,1,0,95,AI_ML,2024,0.45
CSE_0974,6.07,48,63,59,72,40,59,1512,62,2.2,58,1,3,1,4,24,FullStack,2019,44.22
CSE_0975,5.16,59,49,70,34,53,98,1293,68,4.4,64,3,9,4,7,83,FullStack,2024,0
CSE_0976,6.31,1,84,46,50,43,61,2023,85,3.8,80,5,10,5,7,91,AI_ML,2020,8.15
CSE_0977,7.98,59,20,70,83,97,29,2078,79,2.6,11,10,5,3,7,24,DevOps,2024,2.55
CSE_0978,5.26,4,68,25,36,4,92,2002,40,1.3,3,13,4,0,1,74,DataEngineering,2022,13.36
CSE_0979,7.48,43,47,39,80,26,21,1346,73,3.9,76,15,0,3,7,82,Cybersecurity,2018,2.93
CSE_0980,7.98,26,19,4,94,86,74,1393,23,3.5,94,10,4,5,4,91,DataEngineering,2022,1.63
CSE_0981,6.67,31,100,20,56,77,83,1188,81,1,40,4,12,5,0,0,Cybersecurity,2024,15.78
CSE_0982,8.85,20,66,77,7,78,28,2221,48,1,6,2,4,2,6,58,Cybersecurity,2020,36.04
CSE_0983,5.53,7,43,3,78,42,40,957,17,4.2,86,1,8,3,5,68,AI_ML,2018,31.11
CSE_0984,5.38,71,32,22,94,96,41,1827,6,2,87,8,0,4,4,73,Cybersecurity,2018,20.44
CSE_0985,8.64,49,72,83,93,30,97,966,3,3.5,68,14,4,3,0,41,AI_ML,2024,0
CSE_0986,7.48,66,60,14,19,98,64,2291,89,2.8,68,0,6,1,0,33,FullStack,2020,23.54
CSE_0987,8.44,43,8,92,52,16,30,1759,68,4.5,80,8,10,0,5,99,DevOps,2019,0
CSE_0988,7.17,57,67,7,11,91,29,1208,59,4.7,29,0,5,4,6,65,Cybersecurity,2018,10.59
CSE_0989,6.23,2,34,40,48,82,17,2235,54,5,72,14,5,2,0,17,DevOps,2020,1.02
CSE_0990,9.1,85,80,18,16,53,16,2027,15,1.6,5,13,11,0,8,76,AI_ML,2021,0
CSE_0991,9,69,97,45,63,61,37,993,98,4.5,88,6,6,0,3,4,Cybersecurity,2022,0
CSE_0992,8.47,1,87,27,41,86,13,1034,89,2.1,18,5,5,1,4,19,DataEngineering,2018,29.32
CSE_0993,6.36,86,95,90,93,31,86,1517,81,3.4,79,6,4,1,1,65,FullStack,2021,4.19
CSE_0994,7.95,43,64,67,28,39,88,1973,28,3,84,14,9,1,7,74,FullStack,2018,0
CSE_0995,6.8,1,7,14,18,12,78,1982,22,1.1,65,2,4,4,1,61,Cybersecurity,2019,58.69
CSE_0996,5.46,80,44,98,10,83,55,2102,13,4.7,9,13,8,3,2,93,FullStack,2024,0
CSE_0997,9.59,34,86,36,97,34,21,1615,78,1.3,15,2,7,0,8,95,DataEngineering,2020,19.36
CSE_0998,5.68,97,46,0,49,4,66,1203,48,3.8,36,12,11,3,1,31,DevOps,2018,0
CSE_0999,9.75,86,39,66,70,72,55,1692,32,4.1,78,10,9,3,5,57,DataEngineering,2020,0
CSE_1000,7.23,29,75,23,57,28,18,1477,24,4.2,76,0,3,1,3,49,FullStack,2023,24.4
